provincia,canton,latitud,longitud,AÑO,ASESINATO,FEMICIDIO,HOMICIDIO,SICARIATO,TOTAL
AZUAY,AZUAY,-2.9010525,-79.0198115,2024.0,2.0,0.0,3.0,1.0,6.0
AZUAY,AZUAY,-3.1622550614293936,-79.15087818190585,2024.0,2.0,0.0,1.0,0.0,3.0
AZUAY,AZUAY,-2.8012084567100923,-78.77313267561347,2024.0,0.0,0.0,1.0,0.0,1.0
BOLÍVAR,BOLÍVAR,-1.5933559453094752,-79.00195369374596,2024.0,2.0,0.0,0.0,0.0,2.0
BOLÍVAR,BOLÍVAR,-1.7214835246847695,-79.04208563291301,2024.0,0.0,1.0,0.0,0.0,1.0
CAÑAR,CAÑAR,-2.7453174760372523,-78.85464986804966,2024.0,2.0,0.0,0.0,0.0,2.0
CAÑAR,CAÑAR,-2.560066016198399,-78.94030942159786,2024.0,1.0,0.0,1.0,0.0,2.0
CAÑAR,CAÑAR,-2.4226494349657304,-79.34665371328762,2024.0,23.0,0.0,0.0,0.0,23.0
CARCHI,CARCHI,0.8106937646994191,-77.72242574706743,2024.0,0.0,0.0,1.0,0.0,1.0
CARCHI,CARCHI,0.5629594172029508,-77.77545377706274,2024.0,0.0,1.0,1.0,0.0,2.0
CHIMBORAZO,CHIMBORAZO,-1.73567958520902,-78.7262335802787,2024.0,5.0,1.0,2.0,0.0,8.0
CHIMBORAZO,CHIMBORAZO,-1.7389883629990062,-78.77045395066534,2024.0,0.0,1.0,0.0,0.0,1.0
COTOPAXI,COTOPAXI,-0.9361826977397582,-78.61748633031968,2024.0,3.0,0.0,1.0,0.0,4.0
COTOPAXI,COTOPAXI,-0.9433822936273738,-79.23452072483649,2024.0,2.0,0.0,0.0,0.0,2.0
COTOPAXI,COTOPAXI,-1.11234916124104,-79.20151538165472,2024.0,0.0,0.0,1.0,0.0,1.0
COTOPAXI,COTOPAXI,-1.044376629200021,-78.59365313893335,2024.0,1.0,0.0,0.0,0.0,1.0
EL ORO,EL ORO,-3.3356421091246795,-79.81700751216624,2024.0,44.0,1.0,1.0,0.0,46.0
EL ORO,EL ORO,-3.266889621869932,-79.97126382915992,2024.0,58.0,0.0,1.0,0.0,59.0
EL ORO,EL ORO,-3.6949578592424,-79.61406377898986,2024.0,8.0,0.0,0.0,0.0,8.0
EL ORO,EL ORO,-3.480749616423377,-80.22836788856449,2024.0,22.0,1.0,3.0,1.0,27.0
EL ORO,EL ORO,-3.446761132715953,-79.96222771028793,2024.0,19.0,0.0,0.0,0.0,19.0
ESMERALDAS,ESMERALDAS,0.9618310830638832,-79.66466702258148,2024.0,74.0,2.0,6.0,0.0,82.0
ESMERALDAS,ESMERALDAS,0.594702660477162,-79.02215491936377,2024.0,2.0,0.0,0.0,0.0,2.0
ESMERALDAS,ESMERALDAS,0.866802362507194,-79.85243168332373,2024.0,8.0,0.0,1.0,0.0,9.0
ESMERALDAS,ESMERALDAS,0.323920791843248,-79.478203944209,2024.0,11.0,1.0,0.0,0.0,12.0
ESMERALDAS,ESMERALDAS,1.2651025980065922,-78.84975920265786,2024.0,8.0,1.0,1.0,0.0,10.0
GUAYAS,GUAYAS,-2.2373458545230998,-80.29241947269747,2024.0,156.0,0.0,2.0,0.0,158.0
GUAYAS,GUAYAS,-2.2449021059331344,-79.90813364124419,2024.0,87.0,1.0,1.0,0.0,89.0
GUAYAS,GUAYAS,-2.1925141,-79.87955769999999,2024.0,53.0,1.0,0.0,0.0,54.0
GUAYAS,GUAYAS,-2.2034018180453097,-79.91235079072707,2024.0,80.0,0.0,1.0,0.0,81.0
GUAYAS,GUAYAS,-2.1762605,-79.8923192,2024.0,25.0,1.0,0.0,0.0,26.0
GUAYAS,GUAYAS,-2.076527440522158,-79.94034415402955,2024.0,118.0,0.0,1.0,0.0,119.0
GUAYAS,GUAYAS,-2.1349967,-79.93186229999999,2024.0,156.0,0.0,0.0,0.0,156.0
GUAYAS,GUAYAS,-2.1710124526552605,-79.950943170207,2024.0,11.0,0.0,0.0,0.0,11.0
GUAYAS,GUAYAS,-2.4097676770784284,-80.36453816943789,2024.0,60.0,0.0,1.0,0.0,61.0
GUAYAS,GUAYAS,-1.894892723596505,-79.55644043146201,2024.0,18.0,0.0,1.0,0.0,19.0
GUAYAS,GUAYAS,-2.912196516470465,-79.8133649886273,2024.0,72.0,0.0,1.0,0.0,73.0
GUAYAS,GUAYAS,-1.368092668749019,-79.90999479166535,2024.0,15.0,1.0,0.0,0.0,16.0
GUAYAS,GUAYAS,-1.8183305889708572,-80.23721945196114,2024.0,5.0,0.0,0.0,0.0,5.0
GUAYAS,GUAYAS,-1.0505059209752523,-79.61101312796698,2024.0,21.0,0.0,0.0,0.0,21.0
GUAYAS,GUAYAS,-2.143775823936588,-79.59973316524878,2024.0,26.0,1.0,1.0,0.0,28.0
GUAYAS,GUAYAS,-1.867173230026684,-79.9822263733689,2024.0,63.0,1.0,1.0,2.0,67.0
GUAYAS,GUAYAS,-1.832851503918799,-79.82183900522506,2024.0,3.0,0.0,0.0,0.0,3.0
GUAYAS,GUAYAS,-2.1005459270810443,-79.69521966944139,2024.0,23.0,0.0,0.0,0.0,23.0
GUAYAS,GUAYAS,-2.6328390447810386,-80.39541625970806,2024.0,23.0,0.0,0.0,0.0,23.0
GUAYAS,GUAYAS,-2.1222948207450423,-79.91946056099337,2024.0,22.0,0.0,0.0,0.0,22.0
GUAYAS,GUAYAS,-2.177718465557473,-79.85137998740997,2024.0,230.0,3.0,2.0,0.0,235.0
IMBABURA,IMBABURA,0.2337605830534192,-78.25327832259545,2024.0,1.0,1.0,0.0,0.0,2.0
IMBABURA,IMBABURA,0.3896499811855805,-77.94248352508588,2024.0,0.0,0.0,1.0,0.0,1.0
LOJA,LOJA,-3.990903559891173,-79.3627320798549,2024.0,1.0,0.0,0.0,0.0,1.0
LOJA,LOJA,-4.201964707246378,-80.12847424299515,2024.0,1.0,0.0,1.0,0.0,2.0
LOJA,LOJA,-4.3238084690524765,-79.55592562540329,2024.0,0.0,1.0,0.0,0.0,1.0
LOS RÍOS,LOS RÍOS,-1.807206599874431,-79.5345887331659,2024.0,121.0,5.0,2.0,3.0,131.0
LOS RÍOS,LOS RÍOS,-1.5521868878041118,-79.53624885040549,2024.0,41.0,0.0,3.0,0.0,44.0
LOS RÍOS,LOS RÍOS,-1.031261768890284,-79.47206932518705,2024.0,71.0,1.0,5.0,0.0,77.0
LOS RÍOS,LOS RÍOS,-1.4463751919845131,-79.46339778931268,2024.0,23.0,1.0,0.0,0.0,24.0
LOS RÍOS,LOS RÍOS,-1.5888636860147545,-79.80907194801966,2024.0,51.0,0.0,0.0,0.0,51.0
LOS RÍOS,LOS RÍOS,-0.898476553052896,-79.49568853740386,2024.0,96.0,0.0,3.0,0.0,99.0
MANABÍ,MANABÍ,-0.6824832447025585,-79.62948625960341,2024.0,10.0,0.0,0.0,0.0,10.0
MANABÍ,MANABÍ,-1.0894573589075498,-80.4982641785434,2024.0,116.0,0.0,2.0,2.0,120.0
MANABÍ,MANABÍ,-0.9764028045989638,-80.72057610613196,2024.0,158.0,0.0,1.0,0.0,159.0
MANABÍ,MANABÍ,-1.3569435566891646,-80.58855940891888,2024.0,13.0,0.0,0.0,0.0,13.0
MANABÍ,MANABÍ,-1.4010657683199916,-80.43479045775997,2024.0,12.0,0.0,0.0,0.0,12.0
MANABÍ,MANABÍ,-0.2758115314602626,-79.47059707528034,2024.0,11.0,0.0,0.0,0.0,11.0
MANABÍ,MANABÍ,-0.705638584445142,-80.10345967926018,2024.0,16.0,0.0,1.0,0.0,17.0
MANABÍ,MANABÍ,-1.0454246625438184,-79.82833111672508,2024.0,7.0,0.0,0.0,0.0,7.0
MANABÍ,MANABÍ,-1.5554185850625226,-80.42820324675003,2024.0,5.0,0.0,0.0,0.0,5.0
MANABÍ,MANABÍ,0.0668604130225501,-80.05743051596993,2024.0,18.0,0.0,1.0,0.0,19.0
MANABÍ,MANABÍ,-1.2804579455135248,-80.42722279401802,2024.0,23.0,0.0,0.0,0.0,23.0
MANABÍ,MANABÍ,-0.924767302296866,-80.45230746972915,2024.0,15.0,0.0,0.0,0.0,15.0
MORONA SANTIAGO,MORONA SANTIAGO,-2.316958275550672,-78.12877903406755,2024.0,0.0,1.0,1.0,0.0,2.0
MORONA SANTIAGO,MORONA SANTIAGO,-2.3423828638204363,-77.4622344850939,2024.0,1.0,0.0,0.0,0.0,1.0
MORONA SANTIAGO,MORONA SANTIAGO,-2.1767367,-78.2020387,2024.0,2.0,0.0,1.0,0.0,3.0
NAPO,NAPO,-0.9984845566159158,-77.81651997548789,2024.0,3.0,2.0,5.0,0.0,10.0
ORELLANA,ORELLANA,-0.3057379150107256,-76.86294005334763,2024.0,33.0,0.0,0.0,0.0,33.0
ORELLANA,ORELLANA,-0.6930724293360541,-77.3119163057814,2024.0,24.0,1.0,1.0,0.0,26.0
PASTAZA,PASTAZA,-1.6281689439596088,-78.18969562527947,2024.0,2.0,0.0,0.0,0.0,2.0
PICHINCHA,PICHINCHA,0.1290992171349343,-78.67935491048674,2024.0,0.0,1.0,0.0,0.0,1.0
PICHINCHA,PICHINCHA,-0.0935017712133103,-78.43388182828441,2024.0,0.0,1.0,8.0,0.0,9.0
PICHINCHA,PICHINCHA,-0.2999555571024957,-78.56964370947001,2024.0,3.0,0.0,18.0,0.0,21.0
PICHINCHA,PICHINCHA,-0.2144155,-78.498694,2024.0,0.0,0.0,10.0,0.0,10.0
PICHINCHA,PICHINCHA,-2.1636313331240515,-79.83487051083206,2024.0,2.0,0.0,14.0,0.0,16.0
PICHINCHA,PICHINCHA,-0.2955654,-78.5568538,2024.0,3.0,0.0,10.0,2.0,15.0
PICHINCHA,PICHINCHA,-0.2957639155757861,-78.4525682207677,2024.0,1.0,1.0,3.0,0.0,5.0
PICHINCHA,PICHINCHA,-0.2161339183173757,-78.40481122442317,2024.0,1.0,0.0,5.0,0.0,6.0
PICHINCHA,PICHINCHA,0.0381597233035107,-78.15171423559532,2024.0,3.0,0.0,2.0,0.0,5.0
PICHINCHA,PICHINCHA,-0.5199594991262492,-78.58539219883498,2024.0,3.0,1.0,4.0,0.0,8.0
SANTA ELENA,SANTA ELENA,-2.2312621689687644,-80.86521392529168,2024.0,30.0,0.0,0.0,0.0,30.0
SANTA ELENA,SANTA ELENA,-2.2350126497776386,-80.90601569970352,2024.0,73.0,0.0,0.0,0.0,73.0
STO DGO DE LOS TSÁCHILAS,STO DGO DE LOS TSÁCHILAS,0.0030521219327159,-79.40430403742303,2024.0,3.0,0.0,1.0,0.0,4.0
SUCUMBÍOS,SUCUMBÍOS,-0.051088978961963,-77.07643847194927,2024.0,0.0,1.0,0.0,0.0,1.0
SUCUMBÍOS,SUCUMBÍOS,0.0026780373515408,-76.82699325019794,2024.0,21.0,0.0,1.0,2.0,24.0
SUCUMBÍOS,SUCUMBÍOS,0.0025085496886935,-76.27171503374841,2024.0,2.0,0.0,0.0,0.0,2.0
SUCUMBÍOS,SUCUMBÍOS,-0.1926656533929786,-76.64798920452397,2024.0,17.0,0.0,1.0,0.0,18.0
TUNGURAHUA,TUNGURAHUA,-1.2630894492230418,-78.63451526563072,2024.0,1.0,3.0,2.0,0.0,6.0
TUNGURAHUA,TUNGURAHUA,-1.2630894492230418,-78.63451526563072,2024.0,11.0,0.0,2.0,0.0,13.0
TUNGURAHUA,TUNGURAHUA,-1.3973927399623294,-78.4275028532831,2024.0,0.0,1.0,0.0,0.0,1.0
TUNGURAHUA,TUNGURAHUA,-1.3139310569926228,-78.50790537599015,2024.0,1.0,0.0,0.0,0.0,1.0
ZAMORA CHINCHIPE,ZAMORA CHINCHIPE,-3.93280616913619,-78.6767847255149,2024.0,0.0,0.0,1.0,0.0,1.0
ZAMORA CHINCHIPE,ZAMORA CHINCHIPE,-4.882249859739444,-79.20135657965258,2024.0,0.0,0.0,1.0,0.0,1.0
ZAMORA CHINCHIPE,ZAMORA CHINCHIPE,-3.831277004206561,-78.76469970560873,2024.0,1.0,0.0,1.0,0.0,2.0
AZUAY,AZUAY,-3.0657291368388013,-79.75000991578507,2023.0,44.0,1.0,10.0,0.0,55.0
AZUAY,AZUAY,-2.9302765384659657,-78.78170201795461,2023.0,0.0,0.0,0.0,0.0,0.0
AZUAY,AZUAY,-2.9010525,-79.0198115,2023.0,63.0,13.0,34.0,0.0,110.0
AZUAY,AZUAY,-2.7872513508292784,-78.66544193443904,2023.0,0.0,0.0,1.0,0.0,1.0
AZUAY,AZUAY,-3.1622550614293936,-79.15087818190585,2023.0,0.0,0.0,1.0,0.0,1.0
AZUAY,AZUAY,-2.7706364659080207,-78.71648215454404,2023.0,0.0,0.0,0.0,0.0,0.0
AZUAY,AZUAY,-2.890754807157432,-78.78178230954325,2023.0,2.0,1.0,1.0,0.0,4.0
AZUAY,AZUAY,-2.8943068,-78.9968344,2023.0,0.0,1.0,2.0,0.0,3.0
AZUAY,AZUAY,-3.470088639386804,-79.15489798584908,2023.0,0.0,0.0,0.0,0.0,0.0
AZUAY,AZUAY,-2.8012084567100923,-78.77313267561347,2023.0,2.0,0.0,0.0,0.0,2.0
AZUAY,AZUAY,-3.2198665257207133,-79.47277760096095,2023.0,1.0,0.0,1.0,0.0,2.0
AZUAY,AZUAY,-3.149457497070057,-79.25538242942673,2023.0,1.0,0.0,0.0,0.0,1.0
AZUAY,AZUAY,-3.2780038119447497,-79.31728964925965,2023.0,4.0,1.0,1.0,0.0,6.0
AZUAY,AZUAY,-2.7993916398629204,-78.65693261981723,2023.0,0.0,0.0,1.0,0.0,1.0
AZUAY,AZUAY,-3.053253801318474,-78.79869840175796,2023.0,1.0,0.0,0.0,0.0,1.0
BOLÍVAR,BOLÍVAR,-1.6322946020928166,-79.2592588694571,2023.0,2.0,2.0,0.0,1.0,5.0
BOLÍVAR,BOLÍVAR,-1.9447734156647307,-79.0673755208863,2023.0,5.0,1.0,0.0,0.0,6.0
BOLÍVAR,BOLÍVAR,-1.6835489866530633,-79.02636551553742,2023.0,2.0,0.0,0.0,0.0,2.0
BOLÍVAR,BOLÍVAR,-1.4345070056924607,-79.28209600758994,2023.0,0.0,0.0,0.0,2.0,2.0
BOLÍVAR,BOLÍVAR,-1.5933559453094752,-79.00195369374596,2023.0,17.0,0.0,0.0,0.0,17.0
BOLÍVAR,BOLÍVAR,-1.2873997693297756,-79.31635209243969,2023.0,2.0,0.0,0.0,0.0,2.0
BOLÍVAR,BOLÍVAR,-1.7214835246847695,-79.04208563291301,2023.0,3.0,0.0,1.0,0.0,4.0
CAÑAR,CAÑAR,-2.7453174760372523,-78.85464986804966,2023.0,21.0,1.0,0.0,0.0,22.0
CAÑAR,CAÑAR,-2.718158277476063,-78.89506820330142,2023.0,2.0,1.0,1.0,0.0,4.0
CAÑAR,CAÑAR,-2.560066016198399,-78.94030942159786,2023.0,5.0,1.0,2.0,0.0,8.0
CAÑAR,CAÑAR,-2.7742553139957096,-78.9229425853276,2023.0,1.0,0.0,0.0,0.0,1.0
CAÑAR,CAÑAR,-2.512739585549103,-78.93125261406546,2023.0,3.0,0.0,1.0,0.0,4.0
CAÑAR,CAÑAR,-2.4226494349657304,-79.34665371328762,2023.0,123.0,2.0,8.0,1.0,134.0
CAÑAR,CAÑAR,-2.436873127572856,-79.05252217009713,2023.0,0.0,0.0,0.0,0.0,0.0
CARCHI,CARCHI,0.4992661952702349,-77.90655710630634,2023.0,1.0,0.0,0.0,0.0,1.0
CARCHI,CARCHI,0.6645777567362529,-78.02053212435166,2023.0,1.0,1.0,1.0,0.0,3.0
CARCHI,CARCHI,0.5491264058598859,-78.04239999218682,2023.0,2.0,0.0,1.0,0.0,3.0
CARCHI,CARCHI,0.5629594172029508,-77.77545377706274,2023.0,2.0,3.0,1.0,0.0,6.0
CARCHI,CARCHI,0.6294539223094229,-77.7280671702541,2023.0,1.0,0.0,0.0,0.0,1.0
CARCHI,CARCHI,0.8106937646994191,-77.72242574706743,2023.0,12.0,4.0,6.0,0.0,22.0
CHIMBORAZO,CHIMBORAZO,-2.200793076293622,-78.8496726683915,2023.0,4.0,0.0,0.0,0.0,4.0
CHIMBORAZO,CHIMBORAZO,-1.7335435904096688,-78.5999199872129,2023.0,0.0,0.0,1.0,0.0,1.0
CHIMBORAZO,CHIMBORAZO,-2.2909173702924712,-78.92320949372329,2023.0,0.0,0.0,1.0,0.0,1.0
CHIMBORAZO,CHIMBORAZO,-1.7389883629990062,-78.77045395066534,2023.0,1.0,0.0,2.0,0.0,3.0
CHIMBORAZO,CHIMBORAZO,-2.207675034719824,-79.13512797962643,2023.0,13.0,0.0,1.0,0.0,14.0
CHIMBORAZO,CHIMBORAZO,-1.9361674197771157,-78.71136042636947,2023.0,0.0,0.0,1.0,0.0,1.0
CHIMBORAZO,CHIMBORAZO,-1.611862056349082,-78.63719394179877,2023.0,3.0,0.0,4.0,0.0,7.0
CHIMBORAZO,CHIMBORAZO,-2.00044818856799,-78.97052435142399,2023.0,1.0,0.0,0.0,0.0,1.0
CHIMBORAZO,CHIMBORAZO,-1.5690631713545748,-78.53431112847277,2023.0,0.0,0.0,0.0,0.0,0.0
CHIMBORAZO,CHIMBORAZO,-1.73567958520902,-78.7262335802787,2023.0,36.0,4.0,2.0,1.0,43.0
COTOPAXI,COTOPAXI,-0.9433822936273738,-79.23452072483649,2023.0,17.0,2.0,2.0,0.0,21.0
COTOPAXI,COTOPAXI,-0.9361826977397582,-78.61748633031968,2023.0,55.0,11.0,16.0,1.0,83.0
COTOPAXI,COTOPAXI,-1.11234916124104,-79.20151538165472,2023.0,4.0,0.0,1.0,0.0,5.0
COTOPAXI,COTOPAXI,-0.9605218840318108,-78.69951371204242,2023.0,3.0,1.0,2.0,0.0,6.0
COTOPAXI,COTOPAXI,-1.044376629200021,-78.59365313893335,2023.0,10.0,5.0,2.0,0.0,17.0
COTOPAXI,COTOPAXI,-0.8269483188510437,-78.67407272513472,2023.0,1.0,3.0,0.0,0.0,4.0
COTOPAXI,COTOPAXI,-0.7031361518181343,-78.89203530242419,2023.0,2.0,0.0,0.0,0.0,2.0
EL ORO,EL ORO,-3.560478442196411,-80.07129048959521,2023.0,49.0,0.0,6.0,1.0,7.0
EL ORO,EL ORO,-3.4598268020771195,-79.5801124027695,2023.0,1.0,0.0,0.0,0.0,0.0
EL ORO,EL ORO,-3.241238981530895,-79.82429290870787,2023.0,128.0,3.0,6.0,7.0,16.0
EL ORO,EL ORO,-3.480749616423377,-80.22836788856449,2023.0,52.0,4.0,6.0,1.0,11.0
EL ORO,EL ORO,-3.825064443656149,-80.0767763582082,2023.0,2.0,0.0,0.0,0.0,0.0
EL ORO,EL ORO,-3.266889621869932,-79.97126382915992,2023.0,257.0,6.0,27.0,4.0,37.0
EL ORO,EL ORO,-3.7868341152409353,-79.91518435365457,2023.0,0.0,0.0,0.0,0.0,0.0
EL ORO,EL ORO,-3.3356421091246795,-79.81700751216624,2023.0,107.0,4.0,6.0,2.0,12.0
EL ORO,EL ORO,-3.682847471579553,-79.6846694954394,2023.0,6.0,0.0,2.0,0.0,2.0
EL ORO,EL ORO,-3.71792927836551,-79.62169067115401,2023.0,10.0,1.0,2.0,0.0,3.0
EL ORO,EL ORO,-3.446761132715953,-79.96222771028793,2023.0,59.0,2.0,8.0,0.0,10.0
EL ORO,EL ORO,-3.6949578592424,-79.61406377898986,2023.0,5.0,0.0,0.0,0.0,0.0
ESMERALDAS,ESMERALDAS,0.866802362507194,-79.85243168332373,2023.0,61.0,2.0,3.0,0.0,66.0
ESMERALDAS,ESMERALDAS,0.594702660477162,-79.02215491936377,2023.0,32.0,1.0,2.0,0.0,35.0
ESMERALDAS,ESMERALDAS,0.9618310830638832,-79.66466702258148,2023.0,334.0,6.0,24.0,5.0,369.0
ESMERALDAS,ESMERALDAS,0.6094677181970387,-80.02053797573728,2023.0,15.0,0.0,3.0,0.0,18.0
ESMERALDAS,ESMERALDAS,0.323920791843248,-79.478203944209,2023.0,97.0,2.0,11.0,0.0,110.0
ESMERALDAS,ESMERALDAS,1.0575196858787212,-79.40622941882837,2023.0,28.0,0.0,5.0,0.0,33.0
ESMERALDAS,ESMERALDAS,1.2651025980065922,-78.84975920265786,2023.0,107.0,1.0,8.0,0.0,116.0
GALAPAGOS,GALAPAGOS,-0.9692453227122902,-91.32197923028303,2023.0,0.0,0.0,0.0,0.0,0.0
GALAPAGOS,GALAPAGOS,-0.8674715,-89.436391,2023.0,0.0,0.0,0.0,0.0,0.0
GALAPAGOS,GALAPAGOS,-0.674360113514362,-90.3838567846858,2023.0,0.0,1.0,0.0,0.0,1.0
GUAYAS,GUAYAS,-1.8918736471930095,-79.556536362924,2023.0,31.0,3.0,0.0,0.0,34.0
GUAYAS,GUAYAS,-2.9145943315701355,-79.81712327542685,2023.0,50.0,0.0,4.0,0.0,54.0
GUAYAS,GUAYAS,-1.368092668749019,-79.90999479166535,2023.0,91.0,2.0,0.0,2.0,95.0
GUAYAS,GUAYAS,-1.546875745958248,-80.01165912794433,2023.0,19.0,2.0,0.0,0.0,21.0
GUAYAS,GUAYAS,-2.226702778548632,-79.46063937139817,2023.0,10.0,1.0,1.0,0.0,12.0
GUAYAS,GUAYAS,-1.867173230026684,-79.9822263733689,2023.0,131.0,4.0,2.0,10.0,147.0
GUAYAS,GUAYAS,-2.177718465557473,-79.85137998740997,2023.0,279.0,6.0,5.0,2.0,292.0
GUAYAS,GUAYAS,-1.0505059209752523,-79.61101312796698,2023.0,90.0,2.0,2.0,1.0,95.0
GUAYAS,GUAYAS,-2.333055659169151,-79.41150741222553,2023.0,81.0,5.0,3.0,2.0,91.0
GUAYAS,GUAYAS,-2.193399623868571,-79.18889893182477,2023.0,5.0,0.0,0.0,0.0,5.0
GUAYAS,GUAYAS,-2.224112421446136,-79.93654086192818,2023.0,886.0,29.0,97.0,4.0,1.016
GUAYAS,GUAYAS,-1.8833294080939675,-80.1479701441253,2023.0,22.0,0.0,1.0,0.0,23.0
GUAYAS,GUAYAS,-1.8775145176895307,-80.09122825691936,2023.0,11.0,0.0,0.0,1.0,12.0
GUAYAS,GUAYAS,-2.143775823936588,-79.59973316524878,2023.0,197.0,7.0,8.0,3.0,215.0
GUAYAS,GUAYAS,-2.6733493159263326,-79.62796428790178,2023.0,153.0,1.0,9.0,0.0,163.0
GUAYAS,GUAYAS,-2.1778197066133,-79.47486960881774,2023.0,22.0,1.0,0.0,0.0,23.0
GUAYAS,GUAYAS,-1.9169916334850623,-80.01442554464674,2023.0,22.0,2.0,0.0,2.0,26.0
GUAYAS,GUAYAS,-1.630581109668812,-79.98232924622508,2023.0,73.0,1.0,0.0,2.0,76.0
GUAYAS,GUAYAS,-1.8183305889708572,-80.23721945196114,2023.0,38.0,2.0,1.0,0.0,41.0
GUAYAS,GUAYAS,-2.6328390447810386,-80.39541625970806,2023.0,51.0,0.0,0.0,0.0,51.0
GUAYAS,GUAYAS,-1.8577263,-79.7983103,2023.0,22.0,2.0,0.0,2.0,26.0
GUAYAS,GUAYAS,-2.1222948207450423,-79.91946056099337,2023.0,56.0,3.0,0.0,0.0,59.0
GUAYAS,GUAYAS,-2.1005459270810443,-79.69521966944139,2023.0,100.0,3.0,2.0,0.0,105.0
GUAYAS,GUAYAS,-1.7161659554857949,-79.98726860731439,2023.0,21.0,0.0,0.0,0.0,21.0
GUAYAS,GUAYAS,-2.157584968989693,-79.89133902531958,2023.0,18.0,1.0,1.0,0.0,20.0
IMBABURA,IMBABURA,0.3217881769685554,-78.23676956404194,2023.0,5.0,0.0,3.0,0.0,8.0
IMBABURA,IMBABURA,0.3049340418092398,-78.26761727758769,2023.0,6.0,3.0,4.0,0.0,13.0
IMBABURA,IMBABURA,0.3383963097315963,-78.1440322536912,2023.0,10.0,7.0,16.0,1.0,34.0
IMBABURA,IMBABURA,0.2299251589441741,-78.26690098807444,2023.0,10.0,3.0,7.0,0.0,20.0
IMBABURA,IMBABURA,0.3896499811855805,-77.94248352508588,2023.0,2.0,0.0,1.0,0.0,3.0
IMBABURA,IMBABURA,0.4189441852979647,-78.19557061960269,2023.0,6.0,0.0,0.0,0.0,6.0
LOJA,LOJA,-4.3238084690524765,-79.55592562540329,2023.0,2.0,0.0,0.0,0.0,2.0
LOJA,LOJA,-3.990903559891173,-79.3627320798549,2023.0,7.0,0.0,2.0,1.0,10.0
LOJA,LOJA,-4.104818873572961,-79.9607110314306,2023.0,0.0,0.0,1.0,0.0,1.0
LOJA,LOJA,-3.87911266952336,-79.64602585936447,2023.0,1.0,0.0,1.0,0.0,2.0
LOJA,LOJA,-4.232270866122534,-79.43668008816338,2023.0,1.0,1.0,0.0,0.0,2.0
LOJA,LOJA,-4.389139325563752,-79.94870153408499,2023.0,5.0,1.0,0.0,0.0,6.0
LOJA,LOJA,-3.935587932511903,-79.64742931001588,2023.0,2.0,0.0,1.0,0.0,3.0
LOJA,LOJA,-4.080424852812222,-79.83139907041628,2023.0,0.0,0.0,1.0,0.0,1.0
LOJA,LOJA,-4.116898510511171,-80.10868814734823,2023.0,1.0,0.0,0.0,0.0,1.0
LOJA,LOJA,-4.00323886349605,-80.10005131799474,2023.0,1.0,0.0,0.0,0.0,1.0
LOJA,LOJA,-4.297530984398054,-79.4014801791974,2023.0,0.0,0.0,0.0,0.0,0.0
LOJA,LOJA,-3.622839558441898,-79.2395219445892,2023.0,0.0,2.0,1.0,0.0,3.0
LOJA,LOJA,-4.329458162465337,-79.79187524995378,2023.0,0.0,0.0,0.0,0.0,0.0
LOJA,LOJA,-4.38736304542458,-80.24613209389945,2023.0,3.0,0.0,0.0,0.0,3.0
LOS RÍOS,LOS RÍOS,-1.7030449938418872,-79.71931399178918,2023.0,36.0,1.0,6.0,0.0,43.0
LOS RÍOS,LOS RÍOS,-1.807206599874431,-79.5345887331659,2023.0,160.0,4.0,25.0,0.0,189.0
LOS RÍOS,LOS RÍOS,-0.898476553052896,-79.49568853740386,2023.0,82.0,1.0,14.0,0.0,97.0
LOS RÍOS,LOS RÍOS,-1.1863222209072355,-79.50902329454298,2023.0,34.0,1.0,3.0,0.0,38.0
LOS RÍOS,LOS RÍOS,-1.790138724611521,-79.29031079948201,2023.0,6.0,0.0,2.0,0.0,8.0
LOS RÍOS,LOS RÍOS,-1.4330817510804164,-79.75685270144056,2023.0,20.0,0.0,1.0,0.0,21.0
LOS RÍOS,LOS RÍOS,-1.5521868878041118,-79.53624885040549,2023.0,262.0,0.0,1.0,1.0,264.0
LOS RÍOS,LOS RÍOS,-1.031261768890284,-79.47206932518705,2023.0,77.0,6.0,26.0,4.0,113.0
LOS RÍOS,LOS RÍOS,-1.2077342044576989,-79.31660617261026,2023.0,24.0,2.0,6.0,1.0,33.0
LOS RÍOS,LOS RÍOS,-1.5695770653534244,-79.42619052047122,2023.0,34.0,1.0,5.0,3.0,43.0
LOS RÍOS,LOS RÍOS,-0.9552813867734002,-79.35584551569788,2023.0,38.0,0.0,4.0,4.0,46.0
LOS RÍOS,LOS RÍOS,-1.4463751919845131,-79.46339778931268,2023.0,106.0,0.0,10.0,0.0,116.0
LOS RÍOS,LOS RÍOS,-1.5888636860147545,-79.80907194801966,2023.0,61.0,5.0,5.0,5.0,76.0
MANABÍ,MANABÍ,-1.4010657683199916,-80.43479045775997,2023.0,11.0,2.0,1.0,0.0,14.0
MANABÍ,MANABÍ,-0.9644055378590488,-80.01069848381205,2023.0,114.0,2.0,1.0,0.0,117.0
MANABÍ,MANABÍ,-0.705638584445142,-80.10345967926018,2023.0,20.0,4.0,2.0,2.0,28.0
MANABÍ,MANABÍ,-0.2758115314602626,-79.47059707528034,2023.0,80.0,1.0,6.0,0.0,87.0
MANABÍ,MANABÍ,-0.4062923348872495,-79.90841434651634,2023.0,17.0,1.0,2.0,1.0,21.0
MANABÍ,MANABÍ,-0.2031103380055459,-80.26493585067406,2023.0,8.0,0.0,2.0,0.0,10.0
MANABÍ,MANABÍ,-0.9735241338722332,-80.66182644516299,2023.0,25.0,1.0,0.0,1.0,27.0
MANABÍ,MANABÍ,-1.3569435566891646,-80.58855940891888,2023.0,22.0,3.0,0.0,0.0,25.0
MANABÍ,MANABÍ,-0.9288371009260712,-80.20849106790142,2023.0,12.0,0.0,0.0,0.0,12.0
MANABÍ,MANABÍ,-0.9764028045989638,-80.72057610613196,2023.0,194.0,3.0,8.0,6.0,211.0
MANABÍ,MANABÍ,-1.047412823716842,-80.66173603162245,2023.0,66.0,3.0,3.0,1.0,73.0
MANABÍ,MANABÍ,-1.3828430992727458,-80.23315056569699,2023.0,0.0,,0.0,0.0,0.0
MANABÍ,MANABÍ,-1.5554185850625226,-80.42820324675003,2023.0,20.0,1.0,2.0,0.0,23.0
MANABÍ,MANABÍ,0.0668604130225501,-80.05743051596993,2023.0,29.0,2.0,8.0,0.0,39.0
MANABÍ,MANABÍ,-1.0454246625438184,-79.82833111672508,2023.0,9.0,2.0,0.0,0.0,11.0
MANABÍ,MANABÍ,-1.0894573589075498,-80.4982641785434,2023.0,190.0,1.0,8.0,5.0,204.0
MANABÍ,MANABÍ,-1.5648698687542508,-80.81716149167234,2023.0,17.0,0.0,2.0,0.0,19.0
MANABÍ,MANABÍ,-0.924767302296866,-80.45230746972915,2023.0,9.0,1.0,1.0,0.0,11.0
MANABÍ,MANABÍ,-0.6069141704598965,-80.4049647606132,2023.0,32.0,0.0,1.0,0.0,33.0
MANABÍ,MANABÍ,-1.2090405058284934,-80.37518087443799,2023.0,28.0,0.0,1.0,0.0,29.0
MANABÍ,MANABÍ,-1.2804579455135248,-80.42722279401802,2023.0,62.0,1.0,0.0,1.0,64.0
MANABÍ,MANABÍ,-0.7885957695704494,-80.2401634927606,2023.0,27.0,3.0,0.0,0.0,30.0
MORONA SANTIAGO,MORONA SANTIAGO,-3.405864029561032,-78.58488157274805,2023.0,2.0,1.0,2.0,0.0,5.0
MORONA SANTIAGO,MORONA SANTIAGO,-1.946955214293936,-77.99102511905858,2023.0,1.0,0.0,1.0,0.0,2.0
MORONA SANTIAGO,MORONA SANTIAGO,-3.1081302633861774,-78.3853110845149,2023.0,2.0,0.0,0.0,0.0,2.0
MORONA SANTIAGO,MORONA SANTIAGO,-2.6211280951812896,-78.22509019357506,2023.0,0.0,1.0,0.0,0.0,1.0
MORONA SANTIAGO,MORONA SANTIAGO,-2.246679826856066,-78.29529620247476,2023.0,10.0,1.0,3.0,1.0,15.0
MORONA SANTIAGO,MORONA SANTIAGO,-1.866654360205096,-78.29426121360679,2023.0,0.0,0.0,0.0,0.0,0.0
MORONA SANTIAGO,MORONA SANTIAGO,-1.705180943875896,-77.97193965850119,2023.0,5.0,0.0,1.0,0.0,6.0
MORONA SANTIAGO,MORONA SANTIAGO,-3.105353480688536,-78.52334464091804,2023.0,0.0,0.0,0.0,0.0,0.0
MORONA SANTIAGO,MORONA SANTIAGO,-2.584860067357296,-78.4876917564764,2023.0,0.0,0.0,1.0,0.0,1.0
MORONA SANTIAGO,MORONA SANTIAGO,-2.460999853413907,-78.17367237121854,2023.0,7.0,0.0,3.0,0.0,10.0
MORONA SANTIAGO,MORONA SANTIAGO,-2.3423828638204363,-77.4622344850939,2023.0,2.0,2.0,1.0,0.0,5.0
MORONA SANTIAGO,MORONA SANTIAGO,-2.9452840978496315,-77.83758519713284,2023.0,0.0,0.0,0.0,0.0,0.0
NAPO,NAPO,-0.9129372283785906,-77.81396940450479,2023.0,5.0,1.0,1.0,0.0,7.0
NAPO,NAPO,-1.165593508653796,-77.85603797820507,2023.0,1.0,0.0,1.0,0.0,2.0
NAPO,NAPO,-0.3387261256683931,-77.81102453422453,2023.0,0.0,0.0,0.0,0.0,0.0
NAPO,NAPO,-0.5122838306440642,-78.02053424085875,2023.0,0.0,0.0,1.0,0.0,1.0
NAPO,NAPO,-0.9984845566159158,-77.81651997548789,2023.0,18.0,4.0,3.0,0.0,25.0
ORELLANA,ORELLANA,-1.1667173457594306,-76.08652266101255,2023.0,0.0,0.0,0.0,0.0,0.0
ORELLANA,ORELLANA,-0.3057379150107256,-76.86294005334763,2023.0,24.0,1.0,3.0,0.0,28.0
PASTAZA,PASTAZA,-1.2435291756710094,-77.684267234228,2023.0,1.0,0.0,1.0,0.0,2.0
PASTAZA,PASTAZA,-1.6281689439596088,-78.18969562527947,2023.0,33.0,2.0,4.0,0.0,39.0
PASTAZA,PASTAZA,-1.267389677554544,-77.88820410340607,2023.0,1.0,0.0,0.0,0.0,1.0
PICHINCHA,PICHINCHA,0.0381597233035107,-78.15171423559532,2023.0,6.0,4.0,10.0,1.0,21.0
PICHINCHA,PICHINCHA,-0.5133856044629309,-78.6581688392839,2023.0,10.0,1.0,7.0,0.0,18.0
PICHINCHA,PICHINCHA,0.0373231000680165,-78.29373043324264,2023.0,7.0,4.0,4.0,0.0,15.0
PICHINCHA,PICHINCHA,0.080250656511275,-79.05042695798497,2023.0,1.0,0.0,0.0,0.0,1.0
PICHINCHA,PICHINCHA,0.1144793157641396,-79.26958391231449,2023.0,11.0,0.0,2.0,0.0,13.0
PICHINCHA,PICHINCHA,-0.2582551339978025,-78.56077684533041,2023.0,167.0,39.0,469.0,1.0,676.0
PICHINCHA,PICHINCHA,-0.127590121058965,-78.4861114280786,2023.0,6.0,6.0,4.0,2.0,18.0
PICHINCHA,PICHINCHA,-1.708393,-79.04258,2023.0,7.0,3.0,0.0,0.0,10.0
SANTA ELENA,SANTA ELENA,-2.2158994406791184,-80.98090925423882,2023.0,72.0,0.0,2.0,3.0,77.0
SANTA ELENA,SANTA ELENA,-2.2312621689687644,-80.86521392529168,2023.0,78.0,6.0,1.0,0.0,85.0
SANTO DOMINGO DE LOS TSÁCHILAS,SANTO DOMINGO DE LOS TSÁCHILAS,0.0030521219327159,-79.40430403742303,2023.0,38.0,1.0,14.0,0.0,53.0
SANTO DOMINGO DE LOS TSÁCHILAS,SANTO DOMINGO DE LOS TSÁCHILAS,-0.2713427546277402,-79.19966583950365,2023.0,213.0,1.0,60.0,0.0,274.0
SUCUMBÍOS,SUCUMBÍOS,0.1473446015748443,-77.28718583123354,2023.0,6.0,1.0,0.0,0.0,7.0
SUCUMBÍOS,SUCUMBÍOS,-0.4330979370899388,-75.71414818278659,2023.0,5.0,1.0,0.0,0.0,6.0
SUCUMBÍOS,SUCUMBÍOS,0.01593963878512,-77.37838471495319,2023.0,0.0,1.0,0.0,0.0,1.0
SUCUMBÍOS,SUCUMBÍOS,0.0026780373515408,-76.82699325019794,2023.0,125.0,3.0,1.0,0.0,129.0
SUCUMBÍOS,SUCUMBÍOS,0.0025085496886935,-76.27171503374841,2023.0,10.0,1.0,0.0,0.0,11.0
SUCUMBÍOS,SUCUMBÍOS,-0.1926656533929786,-76.64798920452397,2023.0,29.0,6.0,0.0,0.0,35.0
SUCUMBÍOS,SUCUMBÍOS,-0.051088978961963,-77.07643847194927,2023.0,0.0,0.0,0.0,0.0,0.0
TUNGURAHUA,TUNGURAHUA,-1.2630894492230418,-78.63451526563072,2023.0,68.0,9.0,18.0,0.0,95.0
TUNGURAHUA,TUNGURAHUA,-1.3973927399623294,-78.4275028532831,2023.0,7.0,0.0,0.0,0.0,7.0
TUNGURAHUA,TUNGURAHUA,-1.355812239172291,-78.61721455222973,2023.0,2.0,0.0,0.0,0.0,2.0
TUNGURAHUA,TUNGURAHUA,-1.418029620771203,-78.67015962769493,2023.0,0.0,1.0,0.0,0.0,1.0
TUNGURAHUA,TUNGURAHUA,-1.3139310569926228,-78.50790537599015,2023.0,0.0,0.0,0.0,0.0,0.0
TUNGURAHUA,TUNGURAHUA,-1.382892452299482,-78.61015926973265,2023.0,0.0,0.0,1.0,0.0,1.0
TUNGURAHUA,TUNGURAHUA,-1.3274599,-78.52739509999999,2023.0,6.0,1.0,1.0,0.0,8.0
TUNGURAHUA,TUNGURAHUA,-1.1766072263904148,-78.54653150185389,2023.0,4.0,0.0,1.0,0.0,5.0
TUNGURAHUA,TUNGURAHUA,-1.3484243702715426,-78.67038662702872,2023.0,2.0,0.0,0.0,0.0,2.0
ZAMORA CHINCHIPE,ZAMORA CHINCHIPE,-3.9492184675927375,-78.79356945679031,2023.0,0.0,1.0,1.0,0.0,2.0
ZAMORA CHINCHIPE,ZAMORA CHINCHIPE,-4.882249859739444,-79.20135657965258,2023.0,1.0,0.0,0.0,0.0,1.0
ZAMORA CHINCHIPE,ZAMORA CHINCHIPE,-3.629560710029823,-78.58886768003977,2023.0,2.0,1.0,0.0,0.0,3.0
ZAMORA CHINCHIPE,ZAMORA CHINCHIPE,-4.464006326468896,-78.84069750195852,2023.0,3.0,0.0,0.0,0.0,3.0
ZAMORA CHINCHIPE,ZAMORA CHINCHIPE,-4.65329794104013,-79.13231665472016,2023.0,0.0,0.0,0.0,0.0,0.0
ZAMORA CHINCHIPE,ZAMORA CHINCHIPE,-3.93280616913619,-78.6767847255149,2023.0,5.0,0.0,1.0,0.0,6.0
ZAMORA CHINCHIPE,ZAMORA CHINCHIPE,-3.831277004206561,-78.76469970560873,2023.0,3.0,2.0,4.0,0.0,9.0
ZAMORA CHINCHIPE,ZAMORA CHINCHIPE,-4.069094467843876,-78.95728545712517,2023.0,0.0,1.0,3.0,0.0,4.0
ZONAS NO DELIMITADAS,ZONAS NO DELIMITADAS,-2.344428,-79.3050839,2023.0,86.0,0.0,5.0,0.0,91.0
ZONAS NO DELIMITADAS,ZONAS NO DELIMITADAS,-0.6824832447025585,-79.62948625960341,2023.0,16.0,1.0,1.0,0.0,18.0
AZUAY,AZUAY,-3.0657291368388013,-79.75000991578507,2022.0,21.0,0.0,1.0,0.0,22.0
AZUAY,AZUAY,-2.9302765384659657,-78.78170201795461,2022.0,0.0,0.0,0.0,0.0,0.0
AZUAY,AZUAY,-2.9010525,-79.0198115,2022.0,33.0,5.0,9.0,0.0,47.0
AZUAY,AZUAY,-2.7872513508292784,-78.66544193443904,2022.0,0.0,0.0,0.0,0.0,0.0
AZUAY,AZUAY,-3.1622550614293936,-79.15087818190585,2022.0,0.0,0.0,0.0,0.0,0.0
AZUAY,AZUAY,-2.7706364659080207,-78.71648215454404,2022.0,0.0,0.0,0.0,0.0,0.0
AZUAY,AZUAY,-2.890754807157432,-78.78178230954325,2022.0,1.0,1.0,0.0,0.0,2.0
AZUAY,AZUAY,-2.8943068,-78.9968344,2022.0,0.0,1.0,0.0,0.0,1.0
AZUAY,AZUAY,-3.470088639386804,-79.15489798584908,2022.0,0.0,0.0,0.0,0.0,0.0
AZUAY,AZUAY,-2.8012084567100923,-78.77313267561347,2022.0,1.0,0.0,0.0,0.0,1.0
AZUAY,AZUAY,-3.2198665257207133,-79.47277760096095,2022.0,1.0,0.0,0.0,0.0,1.0
AZUAY,AZUAY,-3.149457497070057,-79.25538242942673,2022.0,0.0,0.0,0.0,0.0,0.0
AZUAY,AZUAY,-3.2780038119447497,-79.31728964925965,2022.0,0.0,0.0,0.0,0.0,0.0
AZUAY,AZUAY,-2.7993916398629204,-78.65693261981723,2022.0,0.0,0.0,0.0,0.0,0.0
AZUAY,AZUAY,-3.053253801318474,-78.79869840175796,2022.0,0.0,0.0,0.0,0.0,0.0
BOLÍVAR,BOLÍVAR,-1.6322946020928166,-79.2592588694571,2022.0,0.0,1.0,0.0,1.0,2.0
BOLÍVAR,BOLÍVAR,-1.9447734156647307,-79.0673755208863,2022.0,0.0,0.0,0.0,0.0,0.0
BOLÍVAR,BOLÍVAR,-1.6835489866530633,-79.02636551553742,2022.0,0.0,0.0,1.0,0.0,1.0
BOLÍVAR,BOLÍVAR,-1.4345070056924607,-79.28209600758994,2022.0,0.0,0.0,0.0,0.0,0.0
BOLÍVAR,BOLÍVAR,-1.5933559453094752,-79.00195369374596,2022.0,6.0,1.0,1.0,0.0,8.0
BOLÍVAR,BOLÍVAR,-1.2873997693297756,-79.31635209243969,2022.0,0.0,0.0,0.0,0.0,0.0
BOLÍVAR,BOLÍVAR,-1.7214835246847695,-79.04208563291301,2022.0,0.0,0.0,1.0,0.0,1.0
CAÑAR,CAÑAR,-2.7453174760372523,-78.85464986804966,2022.0,10.0,0.0,0.0,0.0,10.0
CAÑAR,CAÑAR,-2.718158277476063,-78.89506820330142,2022.0,1.0,1.0,0.0,0.0,2.0
CAÑAR,CAÑAR,-2.560066016198399,-78.94030942159786,2022.0,1.0,1.0,1.0,0.0,3.0
CAÑAR,CAÑAR,-2.7742553139957096,-78.9229425853276,2022.0,1.0,0.0,0.0,0.0,1.0
CAÑAR,CAÑAR,-2.512739585549103,-78.93125261406546,2022.0,0.0,0.0,0.0,0.0,0.0
CAÑAR,CAÑAR,-2.4226494349657304,-79.34665371328762,2022.0,63.0,0.0,3.0,0.0,66.0
CAÑAR,CAÑAR,-2.436873127572856,-79.05252217009713,2022.0,0.0,0.0,0.0,0.0,0.0
CARCHI,CARCHI,0.4992661952702349,-77.90655710630634,2022.0,1.0,0.0,0.0,0.0,1.0
CARCHI,CARCHI,0.4992661952702349,-77.90655710630634,2022.0,0.0,0.0,0.0,0.0,0.0
CARCHI,CARCHI,0.6645777567362529,-78.02053212435166,2022.0,0.0,0.0,0.0,0.0,0.0
CARCHI,CARCHI,0.5491264058598859,-78.04239999218682,2022.0,0.0,0.0,0.0,0.0,0.0
CARCHI,CARCHI,0.5629594172029508,-77.77545377706274,2022.0,1.0,3.0,1.0,0.0,5.0
CARCHI,CARCHI,0.6294539223094229,-77.7280671702541,2022.0,0.0,0.0,0.0,0.0,0.0
CARCHI,CARCHI,0.8106937646994191,-77.72242574706743,2022.0,2.0,1.0,3.0,0.0,6.0
CHIMBORAZO,CHIMBORAZO,-2.200793076293622,-78.8496726683915,2022.0,0.0,0.0,0.0,0.0,0.0
CHIMBORAZO,CHIMBORAZO,-1.7335435904096688,-78.5999199872129,2022.0,0.0,0.0,0.0,0.0,0.0
CHIMBORAZO,CHIMBORAZO,-2.2909173702924712,-78.92320949372329,2022.0,0.0,0.0,0.0,0.0,0.0
CHIMBORAZO,CHIMBORAZO,-1.7389883629990062,-78.77045395066534,2022.0,0.0,0.0,0.0,0.0,0.0
CHIMBORAZO,CHIMBORAZO,-2.207675034719824,-79.13512797962643,2022.0,4.0,0.0,0.0,0.0,4.0
CHIMBORAZO,CHIMBORAZO,-1.9361674197771157,-78.71136042636947,2022.0,0.0,0.0,0.0,0.0,0.0
CHIMBORAZO,CHIMBORAZO,-1.611862056349082,-78.63719394179877,2022.0,0.0,1.0,0.0,0.0,1.0
CHIMBORAZO,CHIMBORAZO,-2.00044818856799,-78.97052435142399,2022.0,0.0,0.0,0.0,0.0,0.0
CHIMBORAZO,CHIMBORAZO,-1.5690631713545748,-78.53431112847277,2022.0,0.0,0.0,0.0,0.0,0.0
CHIMBORAZO,CHIMBORAZO,-1.73567958520902,-78.7262335802787,2022.0,8.0,1.0,1.0,0.0,10.0
COTOPAXI,COTOPAXI,-0.9433822936273738,-79.23452072483649,2022.0,6.0,0.0,0.0,0.0,6.0
COTOPAXI,COTOPAXI,-0.9361826977397582,-78.61748633031968,2022.0,17.0,1.0,3.0,0.0,21.0
COTOPAXI,COTOPAXI,-1.11234916124104,-79.20151538165472,2022.0,1.0,0.0,0.0,0.0,1.0
COTOPAXI,COTOPAXI,-0.9605218840318108,-78.69951371204242,2022.0,0.0,0.0,0.0,0.0,0.0
COTOPAXI,COTOPAXI,-1.044376629200021,-78.59365313893335,2022.0,1.0,1.0,0.0,0.0,2.0
COTOPAXI,COTOPAXI,-0.8269483188510437,-78.67407272513472,2022.0,0.0,0.0,0.0,0.0,0.0
COTOPAXI,COTOPAXI,-0.7031361518181343,-78.89203530242419,2022.0,0.0,0.0,0.0,0.0,0.0
EL ORO,EL ORO,-3.560478442196411,-80.07129048959521,2022.0,19.0,0.0,0.0,0.0,19.0
EL ORO,EL ORO,-3.4598268020771195,-79.5801124027695,2022.0,0.0,0.0,0.0,0.0,0.0
EL ORO,EL ORO,-3.241238981530895,-79.82429290870787,2022.0,22.0,0.0,1.0,4.0,27.0
EL ORO,EL ORO,-3.480749616423377,-80.22836788856449,2022.0,47.0,0.0,0.0,0.0,47.0
EL ORO,EL ORO,-3.825064443656149,-80.0767763582082,2022.0,0.0,0.0,0.0,0.0,0.0
EL ORO,EL ORO,-3.266889621869932,-79.97126382915992,2022.0,121.0,1.0,4.0,4.0,130.0
EL ORO,EL ORO,-3.7868341152409353,-79.91518435365457,2022.0,0.0,0.0,0.0,0.0,0.0
EL ORO,EL ORO,-3.3356421091246795,-79.81700751216624,2022.0,36.0,1.0,0.0,2.0,39.0
EL ORO,EL ORO,-3.682847471579553,-79.6846694954394,2022.0,2.0,0.0,0.0,0.0,2.0
EL ORO,EL ORO,-3.71792927836551,-79.62169067115401,2022.0,4.0,0.0,1.0,0.0,5.0
EL ORO,EL ORO,-3.446761132715953,-79.96222771028793,2022.0,22.0,1.0,1.0,0.0,24.0
EL ORO,EL ORO,-3.6949578592424,-79.61406377898986,2022.0,0.0,0.0,0.0,0.0,0.0
ESMERALDAS,ESMERALDAS,0.866802362507194,-79.85243168332373,2022.0,14.0,0.0,0.0,0.0,14.0
ESMERALDAS,ESMERALDAS,0.594702660477162,-79.02215491936377,2022.0,13.0,0.0,0.0,0.0,13.0
ESMERALDAS,ESMERALDAS,0.9618310830638832,-79.66466702258148,2022.0,373.0,2.0,6.0,0.0,381.0
ESMERALDAS,ESMERALDAS,0.6094677181970387,-80.02053797573728,2022.0,2.0,0.0,0.0,0.0,2.0
ESMERALDAS,ESMERALDAS,0.323920791843248,-79.478203944209,2022.0,42.0,0.0,1.0,0.0,43.0
ESMERALDAS,ESMERALDAS,1.0575196858787212,-79.40622941882837,2022.0,16.0,0.0,0.0,0.0,16.0
ESMERALDAS,ESMERALDAS,1.2651025980065922,-78.84975920265786,2022.0,50.0,1.0,2.0,0.0,53.0
GALAPAGOS,GALAPAGOS,-0.9692453227122902,-91.32197923028303,2022.0,0.0,0.0,0.0,0.0,0.0
GALAPAGOS,GALAPAGOS,-0.8674715,-89.436391,2022.0,0.0,0.0,0.0,0.0,0.0
GALAPAGOS,GALAPAGOS,-0.674360113514362,-90.3838567846858,2022.0,0.0,0.0,0.0,0.0,0.0
GUAYAS,GUAYAS,-1.8918736471930095,-79.556536362924,2022.0,10.0,1.0,0.0,0.0,11.0
GUAYAS,GUAYAS,-2.9145943315701355,-79.81712327542685,2022.0,8.0,0.0,1.0,0.0,9.0
GUAYAS,GUAYAS,-1.368092668749019,-79.90999479166535,2022.0,59.0,1.0,0.0,1.0,61.0
GUAYAS,GUAYAS,-1.546875745958248,-80.01165912794433,2022.0,9.0,1.0,0.0,0.0,10.0
GUAYAS,GUAYAS,-2.226702778548632,-79.46063937139817,2022.0,1.0,0.0,0.0,0.0,1.0
GUAYAS,GUAYAS,-1.867173230026684,-79.9822263733689,2022.0,38.0,0.0,1.0,7.0,46.0
GUAYAS,GUAYAS,-2.177718465557473,-79.85137998740997,2022.0,119.0,1.0,1.0,0.0,121.0
GUAYAS,GUAYAS,-1.0505059209752523,-79.61101312796698,2022.0,41.0,0.0,2.0,1.0,44.0
GUAYAS,GUAYAS,-2.333055659169151,-79.41150741222553,2022.0,29.0,0.0,1.0,2.0,32.0
GUAYAS,GUAYAS,-2.193399623868571,-79.18889893182477,2022.0,2.0,0.0,0.0,0.0,2.0
GUAYAS,GUAYAS,-2.224112421446136,-79.93654086192818,2022.0,1.4,7.0,19.0,0.0,1.426
GUAYAS,GUAYAS,-1.8833294080939675,-80.1479701441253,2022.0,3.0,0.0,0.0,0.0,3.0
GUAYAS,GUAYAS,-1.8775145176895307,-80.09122825691936,2022.0,1.0,0.0,0.0,0.0,1.0
GUAYAS,GUAYAS,-2.143775823936588,-79.59973316524878,2022.0,97.0,1.0,1.0,2.0,101.0
GUAYAS,GUAYAS,-2.6733493159263326,-79.62796428790178,2022.0,36.0,1.0,2.0,0.0,39.0
GUAYAS,GUAYAS,-2.1778197066133,-79.47486960881774,2022.0,11.0,1.0,0.0,0.0,12.0
GUAYAS,GUAYAS,-1.9169916334850623,-80.01442554464674,2022.0,5.0,0.0,0.0,2.0,7.0
GUAYAS,GUAYAS,-1.630581109668812,-79.98232924622508,2022.0,12.0,0.0,0.0,0.0,12.0
GUAYAS,GUAYAS,-1.8183305889708572,-80.23721945196114,2022.0,8.0,1.0,0.0,0.0,9.0
GUAYAS,GUAYAS,-2.6328390447810386,-80.39541625970806,2022.0,10.0,0.0,0.0,0.0,10.0
GUAYAS,GUAYAS,-1.8577263,-79.7983103,2022.0,6.0,1.0,0.0,1.0,8.0
GUAYAS,GUAYAS,-2.1222948207450423,-79.91946056099337,2022.0,19.0,0.0,0.0,0.0,19.0
GUAYAS,GUAYAS,-2.1005459270810443,-79.69521966944139,2022.0,41.0,1.0,1.0,0.0,43.0
GUAYAS,GUAYAS,-1.7161659554857949,-79.98726860731439,2022.0,1.0,0.0,0.0,0.0,1.0
GUAYAS,GUAYAS,-2.157584968989693,-79.89133902531958,2022.0,5.0,0.0,0.0,0.0,5.0
IMBABURA,IMBABURA,0.3217881769685554,-78.23676956404194,2022.0,1.0,0.0,0.0,0.0,1.0
IMBABURA,IMBABURA,0.3049340418092398,-78.26761727758769,2022.0,2.0,1.0,3.0,0.0,6.0
IMBABURA,IMBABURA,0.3383963097315963,-78.1440322536912,2022.0,3.0,3.0,1.0,1.0,8.0
IMBABURA,IMBABURA,0.2299251589441741,-78.26690098807444,2022.0,1.0,0.0,0.0,0.0,1.0
IMBABURA,IMBABURA,0.3896499811855805,-77.94248352508588,2022.0,0.0,0.0,0.0,0.0,0.0
IMBABURA,IMBABURA,0.4189441852979647,-78.19557061960269,2022.0,0.0,0.0,0.0,0.0,0.0
LOJA,LOJA,-4.3238084690524765,-79.55592562540329,2022.0,1.0,0.0,0.0,0.0,1.0
LOJA,LOJA,-3.990903559891173,-79.3627320798549,2022.0,4.0,0.0,0.0,0.0,4.0
LOJA,LOJA,-4.104818873572961,-79.9607110314306,2022.0,0.0,0.0,1.0,0.0,1.0
LOJA,LOJA,-3.87911266952336,-79.64602585936447,2022.0,0.0,0.0,0.0,0.0,0.0
LOJA,LOJA,-4.232270866122534,-79.43668008816338,2022.0,0.0,0.0,0.0,0.0,0.0
LOJA,LOJA,-4.389139325563752,-79.94870153408499,2022.0,1.0,0.0,0.0,0.0,1.0
LOJA,LOJA,-4.080424852812222,-79.83139907041628,2022.0,0.0,0.0,0.0,0.0,0.0
LOJA,LOJA,-4.116898510511171,-80.10868814734823,2022.0,0.0,0.0,0.0,0.0,0.0
LOJA,LOJA,-4.00323886349605,-80.10005131799474,2022.0,0.0,0.0,0.0,0.0,0.0
LOJA,LOJA,-4.297530984398054,-79.4014801791974,2022.0,0.0,0.0,0.0,0.0,0.0
LOJA,LOJA,-3.622839558441898,-79.2395219445892,2022.0,0.0,0.0,0.0,0.0,0.0
LOJA,LOJA,-4.329458162465337,-79.79187524995378,2022.0,0.0,0.0,0.0,0.0,0.0
LOJA,LOJA,-4.38736304542458,-80.24613209389945,2022.0,2.0,0.0,0.0,0.0,2.0
LOS RÍOS,LOS RÍOS,-1.7030449938418872,-79.71931399178918,2022.0,9.0,0.0,2.0,0.0,11.0
LOS RÍOS,LOS RÍOS,-1.807206599874431,-79.5345887331659,2022.0,42.0,2.0,8.0,0.0,52.0
LOS RÍOS,LOS RÍOS,-0.898476553052896,-79.49568853740386,2022.0,29.0,0.0,4.0,0.0,33.0
LOS RÍOS,LOS RÍOS,-1.1863222209072355,-79.50902329454298,2022.0,11.0,0.0,0.0,0.0,11.0
LOS RÍOS,LOS RÍOS,-1.790138724611521,-79.29031079948201,2022.0,2.0,0.0,0.0,0.0,2.0
LOS RÍOS,LOS RÍOS,-1.4330817510804164,-79.75685270144056,2022.0,3.0,0.0,0.0,0.0,3.0
LOS RÍOS,LOS RÍOS,-1.5521868878041118,-79.53624885040549,2022.0,33.0,0.0,0.0,0.0,33.0
LOS RÍOS,LOS RÍOS,-1.031261768890284,-79.47206932518705,2022.0,164.0,2.0,10.0,0.0,176.0
LOS RÍOS,LOS RÍOS,-1.2077342044576989,-79.31660617261026,2022.0,10.0,1.0,3.0,1.0,15.0
LOS RÍOS,LOS RÍOS,-1.5695770653534244,-79.42619052047122,2022.0,8.0,0.0,0.0,1.0,9.0
LOS RÍOS,LOS RÍOS,-0.9552813867734002,-79.35584551569788,2022.0,8.0,0.0,0.0,0.0,8.0
LOS RÍOS,LOS RÍOS,-1.4463751919845131,-79.46339778931268,2022.0,31.0,0.0,4.0,2.0,37.0
LOS RÍOS,LOS RÍOS,-1.5888636860147545,-79.80907194801966,2022.0,19.0,1.0,2.0,4.0,26.0
MANABÍ,MANABÍ,-1.4010657683199916,-80.43479045775997,2022.0,1.0,2.0,0.0,0.0,3.0
MANABÍ,MANABÍ,-0.9644055378590488,-80.01069848381205,2022.0,37.0,0.0,0.0,0.0,37.0
MANABÍ,MANABÍ,-0.705638584445142,-80.10345967926018,2022.0,73.0,0.0,0.0,0.0,73.0
MANABÍ,MANABÍ,-0.2758115314602626,-79.47059707528034,2022.0,25.0,0.0,4.0,0.0,29.0
MANABÍ,MANABÍ,-0.4062923348872495,-79.90841434651634,2022.0,3.0,1.0,1.0,0.0,5.0
MANABÍ,MANABÍ,-0.2031103380055459,-80.26493585067406,2022.0,2.0,0.0,1.0,0.0,3.0
MANABÍ,MANABÍ,-0.9735241338722332,-80.66182644516299,2022.0,5.0,0.0,0.0,1.0,6.0
MANABÍ,MANABÍ,-1.3569435566891646,-80.58855940891888,2022.0,8.0,0.0,0.0,0.0,8.0
MANABÍ,MANABÍ,-0.9288371009260712,-80.20849106790142,2022.0,9.0,0.0,0.0,0.0,9.0
MANABÍ,MANABÍ,-0.9764028045989638,-80.72057610613196,2022.0,81.0,1.0,3.0,5.0,90.0
MANABÍ,MANABÍ,-1.047412823716842,-80.66173603162245,2022.0,22.0,0.0,2.0,1.0,25.0
MANABÍ,MANABÍ,-1.3828430992727458,-80.23315056569699,2022.0,0.0,0.0,0.0,0.0,0.0
MANABÍ,MANABÍ,-1.5554185850625226,-80.42820324675003,2022.0,8.0,1.0,0.0,0.0,9.0
MANABÍ,MANABÍ,0.0668604130225501,-80.05743051596993,2022.0,66.0,1.0,3.0,0.0,70.0
MANABÍ,MANABÍ,-1.0454246625438184,-79.82833111672508,2022.0,3.0,0.0,0.0,0.0,3.0
MANABÍ,MANABÍ,-1.0894573589075498,-80.4982641785434,2022.0,92.0,2.0,2.0,0.0,96.0
MANABÍ,MANABÍ,-1.5648698687542508,-80.81716149167234,2022.0,10.0,0.0,1.0,0.0,11.0
MANABÍ,MANABÍ,-0.924767302296866,-80.45230746972915,2022.0,1.0,0.0,0.0,0.0,1.0
MANABÍ,MANABÍ,-0.6069141704598965,-80.4049647606132,2022.0,8.0,0.0,1.0,0.0,9.0
MANABÍ,MANABÍ,-1.2090405058284934,-80.37518087443799,2022.0,6.0,0.0,1.0,0.0,7.0
MANABÍ,MANABÍ,-1.2804579455135248,-80.42722279401802,2022.0,17.0,1.0,0.0,1.0,19.0
MANABÍ,MANABÍ,-0.7885957695704494,-80.2401634927606,2022.0,8.0,1.0,0.0,0.0,9.0
MORONA SANTIAGO,MORONA SANTIAGO,-3.405864029561032,-78.58488157274805,2022.0,0.0,1.0,0.0,0.0,1.0
MORONA SANTIAGO,MORONA SANTIAGO,-1.946955214293936,-77.99102511905858,2022.0,0.0,0.0,0.0,0.0,0.0
MORONA SANTIAGO,MORONA SANTIAGO,-3.1081302633861774,-78.3853110845149,2022.0,2.0,0.0,0.0,0.0,2.0
MORONA SANTIAGO,MORONA SANTIAGO,-2.6211280951812896,-78.22509019357506,2022.0,0.0,0.0,0.0,0.0,0.0
MORONA SANTIAGO,MORONA SANTIAGO,-2.246679826856066,-78.29529620247476,2022.0,3.0,0.0,1.0,0.0,4.0
MORONA SANTIAGO,MORONA SANTIAGO,-1.866654360205096,-78.29426121360679,2022.0,0.0,0.0,0.0,0.0,0.0
MORONA SANTIAGO,MORONA SANTIAGO,-1.705180943875896,-77.97193965850119,2022.0,0.0,0.0,1.0,0.0,1.0
MORONA SANTIAGO,MORONA SANTIAGO,-3.105353480688536,-78.52334464091804,2022.0,0.0,0.0,0.0,0.0,0.0
MORONA SANTIAGO,MORONA SANTIAGO,-2.584860067357296,-78.4876917564764,2022.0,0.0,0.0,0.0,0.0,0.0
MORONA SANTIAGO,MORONA SANTIAGO,-2.460999853413907,-78.17367237121854,2022.0,0.0,0.0,1.0,0.0,1.0
MORONA SANTIAGO,MORONA SANTIAGO,-2.3423828638204363,-77.4622344850939,2022.0,0.0,0.0,0.0,0.0,0.0
MORONA SANTIAGO,MORONA SANTIAGO,-2.9452840978496315,-77.83758519713284,2022.0,0.0,0.0,0.0,0.0,0.0
NAPO,NAPO,-0.9129372283785906,-77.81396940450479,2022.0,1.0,1.0,2.0,0.0,4.0
NAPO,NAPO,-1.165593508653796,-77.85603797820507,2022.0,0.0,0.0,1.0,0.0,1.0
NAPO,NAPO,-0.3387261256683931,-77.81102453422453,2022.0,0.0,0.0,0.0,0.0,0.0
NAPO,NAPO,-0.5122838306440642,-78.02053424085875,2022.0,0.0,0.0,0.0,0.0,0.0
NAPO,NAPO,-0.9984845566159158,-77.81651997548789,2022.0,11.0,1.0,1.0,0.0,13.0
ORELLANA,ORELLANA,-1.1667173457594306,-76.08652266101255,2022.0,0.0,0.0,0.0,0.0,0.0
ORELLANA,ORELLANA,-0.3057379150107256,-76.86294005334763,2022.0,5.0,0.0,1.0,0.0,6.0
PASTAZA,PASTAZA,-1.2435291756710094,-77.684267234228,2022.0,0.0,0.0,1.0,0.0,1.0
PASTAZA,PASTAZA,-1.6281689439596088,-78.18969562527947,2022.0,5.0,0.0,1.0,0.0,6.0
PASTAZA,PASTAZA,-1.267389677554544,-77.88820410340607,2022.0,0.0,0.0,0.0,0.0,0.0
PICHINCHA,PICHINCHA,0.0381597233035107,-78.15171423559532,2022.0,0.0,1.0,3.0,0.0,4.0
PICHINCHA,PICHINCHA,-0.5133856044629309,-78.6581688392839,2022.0,1.0,0.0,2.0,0.0,3.0
PICHINCHA,PICHINCHA,0.0373231000680165,-78.29373043324264,2022.0,3.0,1.0,0.0,0.0,4.0
PICHINCHA,PICHINCHA,0.080250656511275,-79.05042695798497,2022.0,0.0,0.0,0.0,0.0,0.0
PICHINCHA,PICHINCHA,0.1144793157641396,-79.26958391231449,2022.0,5.0,0.0,1.0,0.0,6.0
PICHINCHA,PICHINCHA,-0.2582551339978025,-78.56077684533041,2022.0,58.0,4.0,138.0,0.0,200.0
PICHINCHA,PICHINCHA,-0.127590121058965,-78.4861114280786,2022.0,1.0,0.0,2.0,0.0,3.0
PICHINCHA,PICHINCHA,-1.708393,-79.04258,2022.0,0.0,0.0,0.0,0.0,0.0
SANTA ELENA,SANTA ELENA,-2.2158994406791184,-80.98090925423882,2022.0,34.0,0.0,0.0,0.0,34.0
SANTA ELENA,SANTA ELENA,-2.2312621689687644,-80.86521392529168,2022.0,20.0,3.0,0.0,0.0,23.0
SANTO DOMINGO DE LOS TSÁCHILAS,SANTO DOMINGO DE LOS TSÁCHILAS,0.0030521219327159,-79.40430403742303,2022.0,12.0,0.0,3.0,0.0,15.0
SANTO DOMINGO DE LOS TSÁCHILAS,SANTO DOMINGO DE LOS TSÁCHILAS,-0.2713427546277402,-79.19966583950365,2022.0,172.0,2.0,17.0,2.0,193.0
SUCUMBÍOS,SUCUMBÍOS,0.1473446015748443,-77.28718583123354,2022.0,3.0,0.0,0.0,0.0,3.0
SUCUMBÍOS,SUCUMBÍOS,-0.4330979370899388,-75.71414818278659,2022.0,1.0,0.0,0.0,0.0,1.0
SUCUMBÍOS,SUCUMBÍOS,0.01593963878512,-77.37838471495319,2022.0,0.0,0.0,1.0,0.0,1.0
SUCUMBÍOS,SUCUMBÍOS,0.0026780373515408,-76.82699325019794,2022.0,58.0,0.0,2.0,0.0,60.0
SUCUMBÍOS,SUCUMBÍOS,0.0025085496886935,-76.27171503374841,2022.0,5.0,1.0,1.0,0.0,7.0
SUCUMBÍOS,SUCUMBÍOS,-0.1926656533929786,-76.64798920452397,2022.0,8.0,0.0,2.0,0.0,10.0
SUCUMBÍOS,SUCUMBÍOS,-0.051088978961963,-77.07643847194927,2022.0,0.0,0.0,0.0,0.0,0.0
TUNGURAHUA,TUNGURAHUA,-1.2630894492230418,-78.63451526563072,2022.0,28.0,3.0,5.0,0.0,36.0
TUNGURAHUA,TUNGURAHUA,-1.3973927399623294,-78.4275028532831,2022.0,3.0,0.0,0.0,0.0,3.0
TUNGURAHUA,TUNGURAHUA,-1.355812239172291,-78.61721455222973,2022.0,0.0,0.0,0.0,0.0,0.0
TUNGURAHUA,TUNGURAHUA,-1.418029620771203,-78.67015962769493,2022.0,0.0,0.0,0.0,0.0,0.0
TUNGURAHUA,TUNGURAHUA,-1.3139310569926228,-78.50790537599015,2022.0,0.0,0.0,0.0,0.0,0.0
TUNGURAHUA,TUNGURAHUA,-1.382892452299482,-78.61015926973265,2022.0,0.0,0.0,1.0,0.0,1.0
TUNGURAHUA,TUNGURAHUA,-1.3274599,-78.52739509999999,2022.0,0.0,0.0,1.0,0.0,1.0
TUNGURAHUA,TUNGURAHUA,-1.1766072263904148,-78.54653150185389,2022.0,1.0,0.0,0.0,0.0,1.0
TUNGURAHUA,TUNGURAHUA,-1.3484243702715426,-78.67038662702872,2022.0,1.0,0.0,0.0,0.0,1.0
ZAMORA CHINCHIPE,ZAMORA CHINCHIPE,-3.9492184675927375,-78.79356945679031,2022.0,0.0,0.0,0.0,0.0,0.0
ZAMORA CHINCHIPE,ZAMORA CHINCHIPE,-4.882249859739444,-79.20135657965258,2022.0,0.0,0.0,0.0,0.0,0.0
ZAMORA CHINCHIPE,ZAMORA CHINCHIPE,-3.629560710029823,-78.58886768003977,2022.0,0.0,0.0,0.0,0.0,0.0
ZAMORA CHINCHIPE,ZAMORA CHINCHIPE,-4.464006326468896,-78.84069750195852,2022.0,0.0,0.0,0.0,0.0,0.0
ZAMORA CHINCHIPE,ZAMORA CHINCHIPE,-4.65329794104013,-79.13231665472016,2022.0,0.0,0.0,0.0,0.0,0.0
ZAMORA CHINCHIPE,ZAMORA CHINCHIPE,-3.93280616913619,-78.6767847255149,2022.0,0.0,0.0,0.0,0.0,0.0
ZAMORA CHINCHIPE,ZAMORA CHINCHIPE,-3.831277004206561,-78.76469970560873,2022.0,2.0,0.0,0.0,0.0,2.0
ZAMORA CHINCHIPE,ZAMORA CHINCHIPE,-4.069094467843876,-78.95728545712517,2022.0,0.0,0.0,1.0,0.0,1.0
ZONAS NO DELIMITADAS,ZONAS NO DELIMITADAS,-2.344428,-79.3050839,2022.0,34.0,0.0,2.0,0.0,36.0
ZONAS NO DELIMITADAS,ZONAS NO DELIMITADAS,-0.6824832447025585,-79.62948625960341,2022.0,3.0,0.0,1.0,0.0,4.0
AZUAY,AZUAY,-3.0657291368388013,-79.75000991578507,2021.0,4.0,1.0,2.0,0.0,7.0
AZUAY,AZUAY,-2.9302765384659657,-78.78170201795461,2021.0,0.0,0.0,0.0,0.0,0.0
AZUAY,AZUAY,-2.9010525,-79.0198115,2021.0,36.0,3.0,9.0,0.0,48.0
AZUAY,AZUAY,-2.7872513508292784,-78.66544193443904,2021.0,0.0,0.0,0.0,0.0,0.0
AZUAY,AZUAY,-3.1622550614293936,-79.15087818190585,2021.0,0.0,0.0,0.0,0.0,0.0
AZUAY,AZUAY,-2.7706364659080207,-78.71648215454404,2021.0,0.0,0.0,0.0,0.0,0.0
AZUAY,AZUAY,-2.890754807157432,-78.78178230954325,2021.0,1.0,0.0,0.0,0.0,1.0
AZUAY,AZUAY,-2.8943068,-78.9968344,2021.0,0.0,0.0,1.0,0.0,1.0
AZUAY,AZUAY,-3.470088639386804,-79.15489798584908,2021.0,0.0,0.0,0.0,0.0,0.0
AZUAY,AZUAY,-2.8012084567100923,-78.77313267561347,2021.0,1.0,0.0,0.0,0.0,1.0
AZUAY,AZUAY,-3.2198665257207133,-79.47277760096095,2021.0,0.0,0.0,0.0,0.0,0.0
AZUAY,AZUAY,-3.149457497070057,-79.25538242942673,2021.0,0.0,0.0,0.0,0.0,0.0
AZUAY,AZUAY,-3.2780038119447497,-79.31728964925965,2021.0,1.0,0.0,0.0,0.0,1.0
AZUAY,AZUAY,-2.7993916398629204,-78.65693261981723,2021.0,0.0,0.0,0.0,0.0,0.0
AZUAY,AZUAY,-3.053253801318474,-78.79869840175796,2021.0,0.0,0.0,0.0,0.0,0.0
BOLÍVAR,BOLÍVAR,-1.6322946020928166,-79.2592588694571,2021.0,0.0,0.0,0.0,0.0,0.0
BOLÍVAR,BOLÍVAR,-1.9447734156647307,-79.0673755208863,2021.0,1.0,0.0,2.0,0.0,3.0
BOLÍVAR,BOLÍVAR,-1.6835489866530633,-79.02636551553742,2021.0,0.0,0.0,0.0,0.0,0.0
BOLÍVAR,BOLÍVAR,-1.4345070056924607,-79.28209600758994,2021.0,0.0,0.0,0.0,0.0,0.0
BOLÍVAR,BOLÍVAR,-1.5933559453094752,-79.00195369374596,2021.0,3.0,0.0,1.0,0.0,4.0
BOLÍVAR,BOLÍVAR,-1.2873997693297756,-79.31635209243969,2021.0,0.0,0.0,0.0,0.0,0.0
BOLÍVAR,BOLÍVAR,-1.7214835246847695,-79.04208563291301,2021.0,0.0,0.0,0.0,0.0,0.0
CAÑAR,CAÑAR,-2.7453174760372523,-78.85464986804966,2021.0,5.0,0.0,0.0,0.0,5.0
CAÑAR,CAÑAR,-2.718158277476063,-78.89506820330142,2021.0,0.0,0.0,0.0,0.0,0.0
CAÑAR,CAÑAR,-2.560066016198399,-78.94030942159786,2021.0,3.0,0.0,0.0,0.0,3.0
CAÑAR,CAÑAR,-2.7742553139957096,-78.9229425853276,2021.0,0.0,0.0,0.0,0.0,0.0
CAÑAR,CAÑAR,-2.512739585549103,-78.93125261406546,2021.0,0.0,0.0,0.0,0.0,0.0
CAÑAR,CAÑAR,-2.4226494349657304,-79.34665371328762,2021.0,32.0,0.0,1.0,0.0,33.0
CAÑAR,CAÑAR,-2.436873127572856,-79.05252217009713,2021.0,0.0,0.0,0.0,0.0,0.0
CARCHI,CARCHI,0.4992661952702349,-77.90655710630634,2021.0,0.0,0.0,0.0,0.0,0.0
CARCHI,CARCHI,0.6645777567362529,-78.02053212435166,2021.0,0.0,0.0,0.0,0.0,0.0
CARCHI,CARCHI,0.5491264058598859,-78.04239999218682,2021.0,1.0,1.0,0.0,0.0,2.0
CARCHI,CARCHI,0.5629594172029508,-77.77545377706274,2021.0,0.0,0.0,0.0,0.0,0.0
CARCHI,CARCHI,0.6294539223094229,-77.7280671702541,2021.0,0.0,0.0,0.0,0.0,0.0
CARCHI,CARCHI,0.8106937646994191,-77.72242574706743,2021.0,4.0,0.0,0.0,0.0,4.0
CHIMBORAZO,CHIMBORAZO,-2.200793076293622,-78.8496726683915,2021.0,0.0,0.0,0.0,0.0,0.0
CHIMBORAZO,CHIMBORAZO,-1.7335435904096688,-78.5999199872129,2021.0,0.0,0.0,1.0,0.0,1.0
CHIMBORAZO,CHIMBORAZO,-2.2909173702924712,-78.92320949372329,2021.0,0.0,0.0,1.0,0.0,1.0
CHIMBORAZO,CHIMBORAZO,-1.7389883629990062,-78.77045395066534,2021.0,0.0,0.0,0.0,0.0,0.0
CHIMBORAZO,CHIMBORAZO,-2.207675034719824,-79.13512797962643,2021.0,2.0,0.0,0.0,0.0,2.0
CHIMBORAZO,CHIMBORAZO,-1.9361674197771157,-78.71136042636947,2021.0,0.0,0.0,0.0,0.0,0.0
CHIMBORAZO,CHIMBORAZO,-1.611862056349082,-78.63719394179877,2021.0,2.0,0.0,1.0,0.0,3.0
CHIMBORAZO,CHIMBORAZO,-2.00044818856799,-78.97052435142399,2021.0,0.0,0.0,0.0,0.0,0.0
CHIMBORAZO,CHIMBORAZO,-1.5690631713545748,-78.53431112847277,2021.0,0.0,0.0,0.0,0.0,0.0
CHIMBORAZO,CHIMBORAZO,-1.73567958520902,-78.7262335802787,2021.0,5.0,1.0,1.0,1.0,8.0
COTOPAXI,COTOPAXI,-0.9433822936273738,-79.23452072483649,2021.0,1.0,1.0,1.0,0.0,3.0
COTOPAXI,COTOPAXI,-0.9361826977397582,-78.61748633031968,2021.0,30.0,2.0,5.0,1.0,38.0
COTOPAXI,COTOPAXI,-1.11234916124104,-79.20151538165472,2021.0,0.0,0.0,0.0,0.0,0.0
COTOPAXI,COTOPAXI,-0.9605218840318108,-78.69951371204242,2021.0,2.0,0.0,0.0,0.0,2.0
COTOPAXI,COTOPAXI,-1.044376629200021,-78.59365313893335,2021.0,1.0,0.0,0.0,0.0,1.0
COTOPAXI,COTOPAXI,-0.8269483188510437,-78.67407272513472,2021.0,0.0,2.0,0.0,0.0,2.0
COTOPAXI,COTOPAXI,-0.7031361518181343,-78.89203530242419,2021.0,1.0,0.0,0.0,0.0,1.0
EL ORO,EL ORO,-3.560478442196411,-80.07129048959521,2021.0,5.0,0.0,0.0,0.0,5.0
EL ORO,EL ORO,-3.4598268020771195,-79.5801124027695,2021.0,0.0,0.0,0.0,0.0,0.0
EL ORO,EL ORO,-3.241238981530895,-79.82429290870787,2021.0,16.0,1.0,0.0,0.0,17.0
EL ORO,EL ORO,-3.480749616423377,-80.22836788856449,2021.0,19.0,0.0,3.0,0.0,22.0
EL ORO,EL ORO,-3.825064443656149,-80.0767763582082,2021.0,1.0,0.0,0.0,0.0,1.0
EL ORO,EL ORO,-3.266889621869932,-79.97126382915992,2021.0,62.0,1.0,3.0,0.0,66.0
EL ORO,EL ORO,-3.7868341152409353,-79.91518435365457,2021.0,0.0,0.0,0.0,0.0,0.0
EL ORO,EL ORO,-3.3356421091246795,-79.81700751216624,2021.0,19.0,1.0,2.0,0.0,22.0
EL ORO,EL ORO,-3.682847471579553,-79.6846694954394,2021.0,2.0,0.0,0.0,0.0,2.0
EL ORO,EL ORO,-3.71792927836551,-79.62169067115401,2021.0,1.0,0.0,1.0,0.0,2.0
EL ORO,EL ORO,-3.446761132715953,-79.96222771028793,2021.0,2.0,0.0,2.0,0.0,4.0
EL ORO,EL ORO,-3.6949578592424,-79.61406377898986,2021.0,3.0,0.0,0.0,0.0,3.0
ESMERALDAS,ESMERALDAS,0.866802362507194,-79.85243168332373,2021.0,16.0,1.0,1.0,0.0,18.0
ESMERALDAS,ESMERALDAS,0.594702660477162,-79.02215491936377,2021.0,4.0,0.0,0.0,0.0,4.0
ESMERALDAS,ESMERALDAS,0.9618310830638832,-79.66466702258148,2021.0,75.0,2.0,6.0,1.0,84.0
ESMERALDAS,ESMERALDAS,0.6094677181970387,-80.02053797573728,2021.0,2.0,0.0,2.0,0.0,4.0
ESMERALDAS,ESMERALDAS,0.323920791843248,-79.478203944209,2021.0,16.0,1.0,0.0,0.0,17.0
ESMERALDAS,ESMERALDAS,1.0575196858787212,-79.40622941882837,2021.0,3.0,0.0,1.0,0.0,4.0
ESMERALDAS,ESMERALDAS,1.2651025980065922,-78.84975920265786,2021.0,19.0,0.0,1.0,0.0,20.0
GALAPAGOS,GALAPAGOS,-0.9692453227122902,-91.32197923028303,2021.0,0.0,0.0,0.0,0.0,0.0
GALAPAGOS,GALAPAGOS,-0.8674715,-89.436391,2021.0,0.0,0.0,0.0,0.0,0.0
GALAPAGOS,GALAPAGOS,-0.674360113514362,-90.3838567846858,2021.0,0.0,0.0,0.0,0.0,0.0
GUAYAS,GUAYAS,-1.8918736471930095,-79.556536362924,2021.0,2.0,2.0,0.0,0.0,4.0
GUAYAS,GUAYAS,-2.9145943315701355,-79.81712327542685,2021.0,6.0,0.0,2.0,0.0,8.0
GUAYAS,GUAYAS,-1.368092668749019,-79.90999479166535,2021.0,13.0,0.0,0.0,0.0,13.0
GUAYAS,GUAYAS,-1.546875745958248,-80.01165912794433,2021.0,2.0,0.0,0.0,0.0,2.0
GUAYAS,GUAYAS,-2.226702778548632,-79.46063937139817,2021.0,2.0,1.0,0.0,0.0,3.0
GUAYAS,GUAYAS,-1.867173230026684,-79.9822263733689,2021.0,26.0,1.0,1.0,1.0,29.0
GUAYAS,GUAYAS,-2.177718465557473,-79.85137998740997,2021.0,71.0,0.0,1.0,3.0,75.0
GUAYAS,GUAYAS,-1.0505059209752523,-79.61101312796698,2021.0,27.0,0.0,0.0,0.0,27.0
GUAYAS,GUAYAS,-2.333055659169151,-79.41150741222553,2021.0,18.0,1.0,1.0,0.0,20.0
GUAYAS,GUAYAS,-2.193399623868571,-79.18889893182477,2021.0,0.0,0.0,0.0,0.0,0.0
GUAYAS,GUAYAS,-2.224112421446136,-79.93654086192818,2021.0,830.0,5.0,30.0,0.0,865.0
GUAYAS,GUAYAS,-1.8833294080939675,-80.1479701441253,2021.0,1.0,0.0,1.0,0.0,2.0
GUAYAS,GUAYAS,-1.8775145176895307,-80.09122825691936,2021.0,2.0,0.0,0.0,0.0,2.0
GUAYAS,GUAYAS,-2.143775823936588,-79.59973316524878,2021.0,47.0,0.0,2.0,0.0,49.0
GUAYAS,GUAYAS,-2.6733493159263326,-79.62796428790178,2021.0,37.0,0.0,3.0,0.0,40.0
GUAYAS,GUAYAS,-2.1778197066133,-79.47486960881774,2021.0,5.0,0.0,0.0,0.0,5.0
GUAYAS,GUAYAS,-1.9169916334850623,-80.01442554464674,2021.0,1.0,1.0,0.0,0.0,2.0
GUAYAS,GUAYAS,-1.630581109668812,-79.98232924622508,2021.0,4.0,0.0,0.0,0.0,4.0
GUAYAS,GUAYAS,-1.8183305889708572,-80.23721945196114,2021.0,5.0,1.0,0.0,0.0,6.0
GUAYAS,GUAYAS,-2.6328390447810386,-80.39541625970806,2021.0,2.0,0.0,0.0,0.0,2.0
GUAYAS,GUAYAS,-1.8577263,-79.7983103,2021.0,2.0,1.0,0.0,0.0,3.0
GUAYAS,GUAYAS,-2.1222948207450423,-79.91946056099337,2021.0,8.0,2.0,0.0,0.0,10.0
GUAYAS,GUAYAS,-2.1005459270810443,-79.69521966944139,2021.0,14.0,0.0,1.0,0.0,15.0
GUAYAS,GUAYAS,-1.7161659554857949,-79.98726860731439,2021.0,5.0,0.0,0.0,0.0,5.0
GUAYAS,GUAYAS,-2.157584968989693,-79.89133902531958,2021.0,2.0,0.0,0.0,0.0,2.0
IMBABURA,IMBABURA,0.3217881769685554,-78.23676956404194,2021.0,1.0,0.0,1.0,0.0,2.0
IMBABURA,IMBABURA,0.3049340418092398,-78.26761727758769,2021.0,0.0,0.0,1.0,0.0,1.0
IMBABURA,IMBABURA,0.3383963097315963,-78.1440322536912,2021.0,6.0,2.0,3.0,0.0,11.0
IMBABURA,IMBABURA,0.2299251589441741,-78.26690098807444,2021.0,1.0,0.0,3.0,0.0,4.0
IMBABURA,IMBABURA,0.3896499811855805,-77.94248352508588,2021.0,0.0,0.0,0.0,0.0,0.0
IMBABURA,IMBABURA,0.4189441852979647,-78.19557061960269,2021.0,1.0,0.0,0.0,0.0,1.0
LOJA,LOJA,-4.3238084690524765,-79.55592562540329,2021.0,0.0,0.0,0.0,0.0,0.0
LOJA,LOJA,-3.990903559891173,-79.3627320798549,2021.0,1.0,0.0,0.0,0.0,1.0
LOJA,LOJA,-4.104818873572961,-79.9607110314306,2021.0,0.0,0.0,0.0,0.0,0.0
LOJA,LOJA,-3.87911266952336,-79.64602585936447,2021.0,0.0,0.0,1.0,0.0,1.0
LOJA,LOJA,-4.232270866122534,-79.43668008816338,2021.0,1.0,0.0,0.0,0.0,1.0
LOJA,LOJA,-4.389139325563752,-79.94870153408499,2021.0,0.0,0.0,0.0,0.0,0.0
LOJA,LOJA,-3.935587932511903,-79.64742931001588,2021.0,1.0,0.0,0.0,0.0,1.0
LOJA,LOJA,-4.080424852812222,-79.83139907041628,2021.0,0.0,0.0,1.0,0.0,1.0
LOJA,LOJA,-4.116898510511171,-80.10868814734823,2021.0,0.0,0.0,0.0,0.0,0.0
LOJA,LOJA,-4.00323886349605,-80.10005131799474,2021.0,0.0,0.0,0.0,0.0,0.0
LOJA,LOJA,-4.297530984398054,-79.4014801791974,2021.0,0.0,0.0,0.0,0.0,0.0
LOJA,LOJA,-3.622839558441898,-79.2395219445892,2021.0,0.0,1.0,0.0,0.0,1.0
LOJA,LOJA,-4.329458162465337,-79.79187524995378,2021.0,0.0,0.0,0.0,0.0,0.0
LOJA,LOJA,-4.38736304542458,-80.24613209389945,2021.0,0.0,0.0,0.0,0.0,0.0
LOS RÍOS,LOS RÍOS,-1.7030449938418872,-79.71931399178918,2021.0,2.0,0.0,3.0,0.0,5.0
LOS RÍOS,LOS RÍOS,-1.807206599874431,-79.5345887331659,2021.0,48.0,0.0,3.0,0.0,51.0
LOS RÍOS,LOS RÍOS,-0.898476553052896,-79.49568853740386,2021.0,5.0,1.0,1.0,0.0,7.0
LOS RÍOS,LOS RÍOS,-1.1863222209072355,-79.50902329454298,2021.0,7.0,1.0,0.0,0.0,8.0
LOS RÍOS,LOS RÍOS,-1.790138724611521,-79.29031079948201,2021.0,0.0,0.0,2.0,0.0,2.0
LOS RÍOS,LOS RÍOS,-1.4330817510804164,-79.75685270144056,2021.0,0.0,0.0,0.0,0.0,0.0
LOS RÍOS,LOS RÍOS,-1.5521868878041118,-79.53624885040549,2021.0,18.0,0.0,0.0,1.0,19.0
LOS RÍOS,LOS RÍOS,-1.031261768890284,-79.47206932518705,2021.0,70.0,0.0,1.0,3.0,74.0
LOS RÍOS,LOS RÍOS,-1.2077342044576989,-79.31660617261026,2021.0,3.0,0.0,0.0,0.0,3.0
LOS RÍOS,LOS RÍOS,-1.5695770653534244,-79.42619052047122,2021.0,6.0,0.0,1.0,0.0,7.0
LOS RÍOS,LOS RÍOS,-0.9552813867734002,-79.35584551569788,2021.0,0.0,0.0,0.0,0.0,0.0
LOS RÍOS,LOS RÍOS,-1.4463751919845131,-79.46339778931268,2021.0,12.0,0.0,2.0,1.0,15.0
LOS RÍOS,LOS RÍOS,-1.5888636860147545,-79.80907194801966,2021.0,5.0,0.0,1.0,0.0,6.0
MANABÍ,MANABÍ,-1.4010657683199916,-80.43479045775997,2021.0,3.0,0.0,0.0,0.0,3.0
MANABÍ,MANABÍ,-0.9644055378590488,-80.01069848381205,2021.0,10.0,1.0,0.0,0.0,11.0
MANABÍ,MANABÍ,-0.705638584445142,-80.10345967926018,2021.0,19.0,2.0,0.0,2.0,23.0
MANABÍ,MANABÍ,-0.2758115314602626,-79.47059707528034,2021.0,15.0,0.0,1.0,0.0,16.0
MANABÍ,MANABÍ,-0.4062923348872495,-79.90841434651634,2021.0,2.0,0.0,0.0,1.0,3.0
MANABÍ,MANABÍ,-0.2031103380055459,-80.26493585067406,2021.0,1.0,0.0,0.0,0.0,1.0
MANABÍ,MANABÍ,-0.9735241338722332,-80.66182644516299,2021.0,4.0,0.0,0.0,0.0,4.0
MANABÍ,MANABÍ,-1.3569435566891646,-80.58855940891888,2021.0,2.0,0.0,0.0,0.0,2.0
MANABÍ,MANABÍ,-0.9288371009260712,-80.20849106790142,2021.0,0.0,0.0,0.0,0.0,0.0
MANABÍ,MANABÍ,-0.9764028045989638,-80.72057610613196,2021.0,41.0,0.0,2.0,0.0,43.0
MANABÍ,MANABÍ,-1.047412823716842,-80.66173603162245,2021.0,6.0,0.0,0.0,0.0,6.0
MANABÍ,MANABÍ,-1.3828430992727458,-80.23315056569699,2021.0,0.0,0.0,0.0,0.0,0.0
MANABÍ,MANABÍ,-1.5554185850625226,-80.42820324675003,2021.0,1.0,0.0,1.0,0.0,2.0
MANABÍ,MANABÍ,0.0668604130225501,-80.05743051596993,2021.0,19.0,0.0,2.0,0.0,21.0
MANABÍ,MANABÍ,-1.0454246625438184,-79.82833111672508,2021.0,1.0,1.0,0.0,0.0,2.0
MANABÍ,MANABÍ,-1.0894573589075498,-80.4982641785434,2021.0,23.0,0.0,1.0,3.0,27.0
MANABÍ,MANABÍ,-1.5648698687542508,-80.81716149167234,2021.0,2.0,1.0,1.0,0.0,4.0
MANABÍ,MANABÍ,-0.924767302296866,-80.45230746972915,2021.0,0.0,0.0,1.0,0.0,1.0
MANABÍ,MANABÍ,-0.6069141704598965,-80.4049647606132,2021.0,1.0,0.0,0.0,0.0,1.0
MANABÍ,MANABÍ,-1.2090405058284934,-80.37518087443799,2021.0,10.0,0.0,0.0,0.0,10.0
MANABÍ,MANABÍ,-1.2804579455135248,-80.42722279401802,2021.0,14.0,0.0,0.0,0.0,14.0
MANABÍ,MANABÍ,-0.7885957695704494,-80.2401634927606,2021.0,1.0,0.0,0.0,0.0,1.0
MORONA SANTIAGO,MORONA SANTIAGO,-3.405864029561032,-78.58488157274805,2021.0,0.0,0.0,0.0,0.0,0.0
MORONA SANTIAGO,MORONA SANTIAGO,-1.946955214293936,-77.99102511905858,2021.0,0.0,0.0,0.0,0.0,0.0
MORONA SANTIAGO,MORONA SANTIAGO,-3.1081302633861774,-78.3853110845149,2021.0,0.0,0.0,0.0,0.0,0.0
MORONA SANTIAGO,MORONA SANTIAGO,-2.6211280951812896,-78.22509019357506,2021.0,0.0,0.0,0.0,0.0,0.0
MORONA SANTIAGO,MORONA SANTIAGO,-2.246679826856066,-78.29529620247476,2021.0,2.0,0.0,1.0,1.0,4.0
MORONA SANTIAGO,MORONA SANTIAGO,-1.866654360205096,-78.29426121360679,2021.0,0.0,0.0,0.0,0.0,0.0
MORONA SANTIAGO,MORONA SANTIAGO,-1.705180943875896,-77.97193965850119,2021.0,1.0,0.0,0.0,0.0,1.0
MORONA SANTIAGO,MORONA SANTIAGO,-3.105353480688536,-78.52334464091804,2021.0,0.0,0.0,0.0,0.0,0.0
MORONA SANTIAGO,MORONA SANTIAGO,-2.584860067357296,-78.4876917564764,2021.0,0.0,0.0,0.0,0.0,0.0
MORONA SANTIAGO,MORONA SANTIAGO,-2.460999853413907,-78.17367237121854,2021.0,0.0,0.0,0.0,0.0,0.0
MORONA SANTIAGO,MORONA SANTIAGO,-2.3423828638204363,-77.4622344850939,2021.0,0.0,0.0,1.0,0.0,1.0
MORONA SANTIAGO,MORONA SANTIAGO,-2.9452840978496315,-77.83758519713284,2021.0,0.0,0.0,0.0,0.0,0.0
NAPO,NAPO,-0.9129372283785906,-77.81396940450479,2021.0,1.0,0.0,0.0,0.0,1.0
NAPO,NAPO,-1.165593508653796,-77.85603797820507,2021.0,1.0,0.0,0.0,0.0,1.0
NAPO,NAPO,-0.3387261256683931,-77.81102453422453,2021.0,0.0,0.0,0.0,0.0,0.0
NAPO,NAPO,-0.5122838306440642,-78.02053424085875,2021.0,0.0,0.0,1.0,0.0,1.0
NAPO,NAPO,-0.9984845566159158,-77.81651997548789,2021.0,1.0,0.0,1.0,0.0,2.0
ORELLANA,ORELLANA,-1.1667173457594306,-76.08652266101255,2021.0,0.0,0.0,0.0,0.0,0.0
ORELLANA,ORELLANA,-0.3057379150107256,-76.86294005334763,2021.0,1.0,0.0,0.0,0.0,1.0
PASTAZA,PASTAZA,-1.2435291756710094,-77.684267234228,2021.0,0.0,0.0,0.0,0.0,0.0
PASTAZA,PASTAZA,-1.6281689439596088,-78.18969562527947,2021.0,6.0,1.0,0.0,0.0,7.0
PASTAZA,PASTAZA,-1.267389677554544,-77.88820410340607,2021.0,1.0,0.0,0.0,0.0,1.0
PICHINCHA,PICHINCHA,0.0381597233035107,-78.15171423559532,2021.0,2.0,1.0,1.0,0.0,4.0
PICHINCHA,PICHINCHA,-0.5133856044629309,-78.6581688392839,2021.0,4.0,1.0,1.0,0.0,6.0
PICHINCHA,PICHINCHA,0.0373231000680165,-78.29373043324264,2021.0,0.0,1.0,1.0,0.0,2.0
PICHINCHA,PICHINCHA,0.080250656511275,-79.05042695798497,2021.0,0.0,0.0,0.0,0.0,0.0
PICHINCHA,PICHINCHA,0.1144793157641396,-79.26958391231449,2021.0,3.0,0.0,1.0,0.0,4.0
PICHINCHA,PICHINCHA,-0.2582551339978025,-78.56077684533041,2021.0,35.0,5.0,102.0,0.0,142.0
PICHINCHA,PICHINCHA,-0.127590121058965,-78.4861114280786,2021.0,1.0,0.0,0.0,0.0,1.0
PICHINCHA,PICHINCHA,-1.708393,-79.04258,2021.0,1.0,0.0,0.0,0.0,1.0
SANTA ELENA,SANTA ELENA,-2.2158994406791184,-80.98090925423882,2021.0,6.0,0.0,0.0,0.0,6.0
SANTA ELENA,SANTA ELENA,-2.2312621689687644,-80.86521392529168,2021.0,18.0,1.0,0.0,0.0,19.0
SANTO DOMINGO DE LOS TSÁCHILAS,SANTO DOMINGO DE LOS TSÁCHILAS,0.0030521219327159,-79.40430403742303,2021.0,3.0,1.0,1.0,0.0,5.0
SANTO DOMINGO DE LOS TSÁCHILAS,SANTO DOMINGO DE LOS TSÁCHILAS,-0.2713427546277402,-79.19966583950365,2021.0,50.0,2.0,13.0,1.0,66.0
SUCUMBÍOS,SUCUMBÍOS,0.1473446015748443,-77.28718583123354,2021.0,0.0,1.0,1.0,0.0,2.0
SUCUMBÍOS,SUCUMBÍOS,-0.4330979370899388,-75.71414818278659,2021.0,0.0,0.0,0.0,0.0,0.0
SUCUMBÍOS,SUCUMBÍOS,0.01593963878512,-77.37838471495319,2021.0,0.0,1.0,0.0,0.0,1.0
SUCUMBÍOS,SUCUMBÍOS,0.0026780373515408,-76.82699325019794,2021.0,23.0,1.0,4.0,0.0,28.0
SUCUMBÍOS,SUCUMBÍOS,0.0025085496886935,-76.27171503374841,2021.0,1.0,0.0,1.0,0.0,2.0
SUCUMBÍOS,SUCUMBÍOS,-0.1926656533929786,-76.64798920452397,2021.0,3.0,3.0,0.0,0.0,6.0
SUCUMBÍOS,SUCUMBÍOS,-0.051088978961963,-77.07643847194927,2021.0,0.0,0.0,0.0,0.0,0.0
TUNGURAHUA,TUNGURAHUA,-1.2630894492230418,-78.63451526563072,2021.0,13.0,1.0,2.0,0.0,16.0
TUNGURAHUA,TUNGURAHUA,-1.3973927399623294,-78.4275028532831,2021.0,1.0,0.0,0.0,0.0,1.0
TUNGURAHUA,TUNGURAHUA,-1.355812239172291,-78.61721455222973,2021.0,0.0,0.0,0.0,0.0,0.0
TUNGURAHUA,TUNGURAHUA,-1.418029620771203,-78.67015962769493,2021.0,0.0,1.0,0.0,0.0,1.0
TUNGURAHUA,TUNGURAHUA,-1.3139310569926228,-78.50790537599015,2021.0,0.0,0.0,0.0,0.0,0.0
TUNGURAHUA,TUNGURAHUA,-1.382892452299482,-78.61015926973265,2021.0,0.0,0.0,0.0,0.0,0.0
TUNGURAHUA,TUNGURAHUA,-1.3274599,-78.52739509999999,2021.0,1.0,1.0,0.0,0.0,2.0
TUNGURAHUA,TUNGURAHUA,-1.1766072263904148,-78.54653150185389,2021.0,1.0,0.0,0.0,0.0,1.0
TUNGURAHUA,TUNGURAHUA,-1.3484243702715426,-78.67038662702872,2021.0,0.0,0.0,0.0,0.0,0.0
ZAMORA CHINCHIPE,ZAMORA CHINCHIPE,-3.9492184675927375,-78.79356945679031,2021.0,0.0,0.0,0.0,0.0,0.0
ZAMORA CHINCHIPE,ZAMORA CHINCHIPE,-4.882249859739444,-79.20135657965258,2021.0,0.0,0.0,0.0,0.0,0.0
ZAMORA CHINCHIPE,ZAMORA CHINCHIPE,-3.629560710029823,-78.58886768003977,2021.0,0.0,1.0,0.0,0.0,1.0
ZAMORA CHINCHIPE,ZAMORA CHINCHIPE,-4.464006326468896,-78.84069750195852,2021.0,3.0,0.0,0.0,0.0,3.0
ZAMORA CHINCHIPE,ZAMORA CHINCHIPE,-4.65329794104013,-79.13231665472016,2021.0,0.0,0.0,0.0,0.0,0.0
ZAMORA CHINCHIPE,ZAMORA CHINCHIPE,-3.93280616913619,-78.6767847255149,2021.0,0.0,0.0,0.0,0.0,0.0
ZAMORA CHINCHIPE,ZAMORA CHINCHIPE,-3.831277004206561,-78.76469970560873,2021.0,0.0,0.0,0.0,0.0,0.0
ZAMORA CHINCHIPE,ZAMORA CHINCHIPE,-4.069094467843876,-78.95728545712517,2021.0,0.0,1.0,1.0,0.0,2.0
ZONAS NO DELIMITADAS,ZONAS NO DELIMITADAS,-2.344428,-79.3050839,2021.0,28.0,0.0,0.0,0.0,28.0
ZONAS NO DELIMITADAS,ZONAS NO DELIMITADAS,-0.6824832447025585,-79.62948625960341,2021.0,5.0,0.0,0.0,0.0,5.0
AZUAY,AZUAY,-3.0657291368388013,-79.75000991578507,2020.0,2.0,0.0,3.0,0.0,5.0
AZUAY,AZUAY,-2.9302765384659657,-78.78170201795461,2020.0,0.0,0.0,0.0,0.0,0.0
AZUAY,AZUAY,-2.9010525,-79.0198115,2020.0,13.0,3.0,7.0,0.0,23.0
AZUAY,AZUAY,-2.7872513508292784,-78.66544193443904,2020.0,0.0,0.0,1.0,0.0,1.0
AZUAY,AZUAY,-3.1622550614293936,-79.15087818190585,2020.0,0.0,0.0,1.0,0.0,1.0
AZUAY,AZUAY,-2.7706364659080207,-78.71648215454404,2020.0,0.0,0.0,0.0,0.0,0.0
AZUAY,AZUAY,-2.890754807157432,-78.78178230954325,2020.0,0.0,0.0,0.0,0.0,0.0
AZUAY,AZUAY,-2.8943068,-78.9968344,2020.0,0.0,0.0,0.0,0.0,0.0
AZUAY,AZUAY,-3.470088639386804,-79.15489798584908,2020.0,0.0,0.0,0.0,0.0,0.0
AZUAY,AZUAY,-2.8012084567100923,-78.77313267561347,2020.0,0.0,0.0,0.0,0.0,0.0
AZUAY,AZUAY,-3.2198665257207133,-79.47277760096095,2020.0,0.0,0.0,0.0,0.0,0.0
AZUAY,AZUAY,-3.149457497070057,-79.25538242942673,2020.0,0.0,0.0,0.0,0.0,0.0
AZUAY,AZUAY,-3.2780038119447497,-79.31728964925965,2020.0,0.0,1.0,1.0,0.0,2.0
AZUAY,AZUAY,-2.7993916398629204,-78.65693261981723,2020.0,0.0,0.0,1.0,0.0,1.0
AZUAY,AZUAY,-3.053253801318474,-78.79869840175796,2020.0,0.0,0.0,0.0,0.0,0.0
BOLÍVAR,BOLÍVAR,-1.6322946020928166,-79.2592588694571,2020.0,1.0,1.0,0.0,0.0,2.0
BOLÍVAR,BOLÍVAR,-1.9447734156647307,-79.0673755208863,2020.0,1.0,0.0,1.0,0.0,2.0
BOLÍVAR,BOLÍVAR,-1.6835489866530633,-79.02636551553742,2020.0,0.0,0.0,0.0,0.0,0.0
BOLÍVAR,BOLÍVAR,-1.4345070056924607,-79.28209600758994,2020.0,0.0,0.0,0.0,0.0,0.0
BOLÍVAR,BOLÍVAR,-1.5933559453094752,-79.00195369374596,2020.0,4.0,1.0,0.0,0.0,5.0
BOLÍVAR,BOLÍVAR,-1.2873997693297756,-79.31635209243969,2020.0,0.0,0.0,0.0,0.0,0.0
BOLÍVAR,BOLÍVAR,-1.7214835246847695,-79.04208563291301,2020.0,0.0,1.0,2.0,0.0,3.0
CAÑAR,CAÑAR,-2.7453174760372523,-78.85464986804966,2020.0,0.0,0.0,0.0,0.0,0.0
CAÑAR,CAÑAR,-2.718158277476063,-78.89506820330142,2020.0,0.0,0.0,1.0,0.0,1.0
CAÑAR,CAÑAR,-2.560066016198399,-78.94030942159786,2020.0,1.0,0.0,0.0,0.0,1.0
CAÑAR,CAÑAR,-2.7742553139957096,-78.9229425853276,2020.0,0.0,0.0,0.0,0.0,0.0
CAÑAR,CAÑAR,-2.512739585549103,-78.93125261406546,2020.0,0.0,0.0,1.0,0.0,1.0
CAÑAR,CAÑAR,-2.4226494349657304,-79.34665371328762,2020.0,10.0,2.0,1.0,1.0,14.0
CAÑAR,CAÑAR,-2.436873127572856,-79.05252217009713,2020.0,0.0,0.0,0.0,0.0,0.0
CARCHI,CARCHI,0.4992661952702349,-77.90655710630634,2020.0,0.0,0.0,0.0,0.0,0.0
CARCHI,CARCHI,0.6645777567362529,-78.02053212435166,2020.0,0.0,0.0,0.0,0.0,0.0
CARCHI,CARCHI,0.5491264058598859,-78.04239999218682,2020.0,1.0,0.0,1.0,0.0,2.0
CARCHI,CARCHI,0.5629594172029508,-77.77545377706274,2020.0,1.0,0.0,0.0,0.0,1.0
CARCHI,CARCHI,0.6294539223094229,-77.7280671702541,2020.0,0.0,0.0,0.0,0.0,0.0
CARCHI,CARCHI,0.8106937646994191,-77.72242574706743,2020.0,1.0,1.0,2.0,0.0,4.0
CHIMBORAZO,CHIMBORAZO,-2.200793076293622,-78.8496726683915,2020.0,2.0,0.0,0.0,0.0,2.0
CHIMBORAZO,CHIMBORAZO,-1.7335435904096688,-78.5999199872129,2020.0,0.0,0.0,0.0,0.0,0.0
CHIMBORAZO,CHIMBORAZO,-2.2909173702924712,-78.92320949372329,2020.0,0.0,0.0,0.0,0.0,0.0
CHIMBORAZO,CHIMBORAZO,-1.7389883629990062,-78.77045395066534,2020.0,1.0,0.0,0.0,0.0,1.0
CHIMBORAZO,CHIMBORAZO,-2.207675034719824,-79.13512797962643,2020.0,1.0,0.0,0.0,0.0,1.0
CHIMBORAZO,CHIMBORAZO,-1.9361674197771157,-78.71136042636947,2020.0,0.0,0.0,0.0,0.0,0.0
CHIMBORAZO,CHIMBORAZO,-1.611862056349082,-78.63719394179877,2020.0,0.0,0.0,1.0,0.0,1.0
CHIMBORAZO,CHIMBORAZO,-2.00044818856799,-78.97052435142399,2020.0,0.0,0.0,0.0,0.0,0.0
CHIMBORAZO,CHIMBORAZO,-1.5690631713545748,-78.53431112847277,2020.0,0.0,0.0,0.0,0.0,0.0
CHIMBORAZO,CHIMBORAZO,-1.73567958520902,-78.7262335802787,2020.0,6.0,1.0,1.0,0.0,8.0
COTOPAXI,COTOPAXI,-0.9433822936273738,-79.23452072483649,2020.0,2.0,0.0,1.0,0.0,3.0
COTOPAXI,COTOPAXI,-0.9361826977397582,-78.61748633031968,2020.0,15.0,1.0,1.0,0.0,17.0
COTOPAXI,COTOPAXI,-1.11234916124104,-79.20151538165472,2020.0,0.0,0.0,0.0,0.0,0.0
COTOPAXI,COTOPAXI,-0.9605218840318108,-78.69951371204242,2020.0,1.0,0.0,2.0,0.0,3.0
COTOPAXI,COTOPAXI,-1.044376629200021,-78.59365313893335,2020.0,2.0,1.0,1.0,0.0,4.0
COTOPAXI,COTOPAXI,-0.8269483188510437,-78.67407272513472,2020.0,0.0,1.0,0.0,0.0,1.0
COTOPAXI,COTOPAXI,-0.7031361518181343,-78.89203530242419,2020.0,0.0,0.0,0.0,0.0,0.0
EL ORO,EL ORO,-3.560478442196411,-80.07129048959521,2020.0,2.0,0.0,3.0,1.0,6.0
EL ORO,EL ORO,-3.4598268020771195,-79.5801124027695,2020.0,0.0,0.0,0.0,0.0,0.0
EL ORO,EL ORO,-3.241238981530895,-79.82429290870787,2020.0,4.0,0.0,2.0,1.0,7.0
EL ORO,EL ORO,-3.480749616423377,-80.22836788856449,2020.0,15.0,0.0,1.0,0.0,16.0
EL ORO,EL ORO,-3.825064443656149,-80.0767763582082,2020.0,0.0,0.0,0.0,0.0,0.0
EL ORO,EL ORO,-3.266889621869932,-79.97126382915992,2020.0,36.0,0.0,6.0,0.0,42.0
EL ORO,EL ORO,-3.7868341152409353,-79.91518435365457,2020.0,0.0,0.0,0.0,0.0,0.0
EL ORO,EL ORO,-3.3356421091246795,-79.81700751216624,2020.0,6.0,2.0,1.0,0.0,9.0
EL ORO,EL ORO,-3.682847471579553,-79.6846694954394,2020.0,0.0,0.0,1.0,0.0,1.0
EL ORO,EL ORO,-3.71792927836551,-79.62169067115401,2020.0,3.0,1.0,0.0,0.0,4.0
EL ORO,EL ORO,-3.446761132715953,-79.96222771028793,2020.0,8.0,0.0,2.0,0.0,10.0
EL ORO,EL ORO,-3.6949578592424,-79.61406377898986,2020.0,0.0,0.0,0.0,0.0,0.0
ESMERALDAS,ESMERALDAS,0.866802362507194,-79.85243168332373,2020.0,7.0,0.0,0.0,0.0,7.0
ESMERALDAS,ESMERALDAS,0.594702660477162,-79.02215491936377,2020.0,7.0,0.0,0.0,0.0,7.0
ESMERALDAS,ESMERALDAS,0.9618310830638832,-79.66466702258148,2020.0,30.0,1.0,2.0,1.0,34.0
ESMERALDAS,ESMERALDAS,0.6094677181970387,-80.02053797573728,2020.0,3.0,0.0,0.0,0.0,3.0
ESMERALDAS,ESMERALDAS,0.323920791843248,-79.478203944209,2020.0,9.0,0.0,4.0,0.0,13.0
ESMERALDAS,ESMERALDAS,1.0575196858787212,-79.40622941882837,2020.0,2.0,0.0,2.0,0.0,4.0
ESMERALDAS,ESMERALDAS,1.2651025980065922,-78.84975920265786,2020.0,10.0,0.0,2.0,0.0,12.0
GALAPAGOS,GALAPAGOS,-0.9692453227122902,-91.32197923028303,2020.0,0.0,0.0,0.0,0.0,0.0
GALAPAGOS,GALAPAGOS,-0.8674715,-89.436391,2020.0,0.0,0.0,0.0,0.0,0.0
GALAPAGOS,GALAPAGOS,-0.674360113514362,-90.3838567846858,2020.0,0.0,1.0,0.0,0.0,1.0
GUAYAS,GUAYAS,-1.8918736471930095,-79.556536362924,2020.0,1.0,0.0,0.0,0.0,1.0
GUAYAS,GUAYAS,-2.9145943315701355,-79.81712327542685,2020.0,7.0,0.0,0.0,0.0,7.0
GUAYAS,GUAYAS,-1.368092668749019,-79.90999479166535,2020.0,6.0,0.0,0.0,1.0,7.0
GUAYAS,GUAYAS,-1.546875745958248,-80.01165912794433,2020.0,1.0,1.0,0.0,0.0,2.0
GUAYAS,GUAYAS,-2.226702778548632,-79.46063937139817,2020.0,1.0,0.0,0.0,0.0,1.0
GUAYAS,GUAYAS,-1.867173230026684,-79.9822263733689,2020.0,13.0,1.0,0.0,0.0,14.0
GUAYAS,GUAYAS,-2.177718465557473,-79.85137998740997,2020.0,47.0,0.0,2.0,0.0,49.0
GUAYAS,GUAYAS,-1.0505059209752523,-79.61101312796698,2020.0,18.0,2.0,0.0,0.0,20.0
GUAYAS,GUAYAS,-2.333055659169151,-79.41150741222553,2020.0,7.0,1.0,0.0,0.0,8.0
GUAYAS,GUAYAS,-2.193399623868571,-79.18889893182477,2020.0,0.0,0.0,0.0,0.0,0.0
GUAYAS,GUAYAS,-2.224112421446136,-79.93654086192818,2020.0,305.0,5.0,18.0,1.0,329.0
GUAYAS,GUAYAS,-1.8833294080939675,-80.1479701441253,2020.0,1.0,0.0,0.0,0.0,1.0
GUAYAS,GUAYAS,-1.8775145176895307,-80.09122825691936,2020.0,3.0,0.0,0.0,0.0,3.0
GUAYAS,GUAYAS,-2.143775823936588,-79.59973316524878,2020.0,26.0,3.0,0.0,0.0,29.0
GUAYAS,GUAYAS,-2.6733493159263326,-79.62796428790178,2020.0,23.0,0.0,2.0,0.0,25.0
GUAYAS,GUAYAS,-2.1778197066133,-79.47486960881774,2020.0,1.0,0.0,0.0,0.0,1.0
GUAYAS,GUAYAS,-1.9169916334850623,-80.01442554464674,2020.0,4.0,0.0,0.0,0.0,4.0
GUAYAS,GUAYAS,-1.630581109668812,-79.98232924622508,2020.0,4.0,0.0,0.0,0.0,4.0
GUAYAS,GUAYAS,-1.8183305889708572,-80.23721945196114,2020.0,2.0,0.0,0.0,0.0,2.0
GUAYAS,GUAYAS,-2.6328390447810386,-80.39541625970806,2020.0,3.0,0.0,0.0,0.0,3.0
GUAYAS,GUAYAS,-1.8577263,-79.7983103,2020.0,0.0,0.0,0.0,0.0,0.0
GUAYAS,GUAYAS,-2.1222948207450423,-79.91946056099337,2020.0,6.0,0.0,0.0,0.0,6.0
GUAYAS,GUAYAS,-2.1005459270810443,-79.69521966944139,2020.0,5.0,1.0,0.0,0.0,6.0
GUAYAS,GUAYAS,-1.7161659554857949,-79.98726860731439,2020.0,2.0,0.0,0.0,0.0,2.0
GUAYAS,GUAYAS,-2.157584968989693,-79.89133902531958,2020.0,4.0,0.0,0.0,0.0,4.0
IMBABURA,IMBABURA,0.3217881769685554,-78.23676956404194,2020.0,2.0,0.0,1.0,0.0,3.0
IMBABURA,IMBABURA,0.3049340418092398,-78.26761727758769,2020.0,1.0,1.0,0.0,0.0,2.0
IMBABURA,IMBABURA,0.3383963097315963,-78.1440322536912,2020.0,4.0,2.0,2.0,0.0,8.0
IMBABURA,IMBABURA,0.2299251589441741,-78.26690098807444,2020.0,5.0,2.0,1.0,0.0,8.0
IMBABURA,IMBABURA,0.3896499811855805,-77.94248352508588,2020.0,1.0,0.0,0.0,0.0,1.0
IMBABURA,IMBABURA,0.4189441852979647,-78.19557061960269,2020.0,0.0,0.0,0.0,0.0,0.0
LOJA,LOJA,-4.3238084690524765,-79.55592562540329,2020.0,0.0,0.0,0.0,0.0,0.0
LOJA,LOJA,-3.990903559891173,-79.3627320798549,2020.0,0.0,0.0,0.0,0.0,0.0
LOJA,LOJA,-4.104818873572961,-79.9607110314306,2020.0,0.0,0.0,0.0,0.0,0.0
LOJA,LOJA,-3.87911266952336,-79.64602585936447,2020.0,0.0,0.0,0.0,0.0,0.0
LOJA,LOJA,-4.232270866122534,-79.43668008816338,2020.0,0.0,0.0,0.0,0.0,0.0
LOJA,LOJA,-4.389139325563752,-79.94870153408499,2020.0,1.0,0.0,0.0,0.0,1.0
LOJA,LOJA,-3.935587932511903,-79.64742931001588,2020.0,0.0,0.0,1.0,0.0,1.0
LOJA,LOJA,-4.080424852812222,-79.83139907041628,2020.0,0.0,0.0,0.0,0.0,0.0
LOJA,LOJA,-4.116898510511171,-80.10868814734823,2020.0,0.0,0.0,0.0,0.0,0.0
LOJA,LOJA,-4.00323886349605,-80.10005131799474,2020.0,1.0,0.0,0.0,0.0,1.0
LOJA,LOJA,-4.297530984398054,-79.4014801791974,2020.0,0.0,0.0,0.0,0.0,0.0
LOJA,LOJA,-3.622839558441898,-79.2395219445892,2020.0,0.0,0.0,0.0,0.0,0.0
LOJA,LOJA,-4.329458162465337,-79.79187524995378,2020.0,0.0,0.0,0.0,0.0,0.0
LOJA,LOJA,-4.38736304542458,-80.24613209389945,2020.0,1.0,0.0,0.0,0.0,1.0
LOS RÍOS,LOS RÍOS,-1.7030449938418872,-79.71931399178918,2020.0,3.0,0.0,0.0,0.0,3.0
LOS RÍOS,LOS RÍOS,-1.807206599874431,-79.5345887331659,2020.0,18.0,1.0,2.0,0.0,21.0
LOS RÍOS,LOS RÍOS,-0.898476553052896,-79.49568853740386,2020.0,7.0,0.0,1.0,0.0,8.0
LOS RÍOS,LOS RÍOS,-1.1863222209072355,-79.50902329454298,2020.0,1.0,0.0,0.0,0.0,1.0
LOS RÍOS,LOS RÍOS,-1.790138724611521,-79.29031079948201,2020.0,0.0,0.0,0.0,0.0,0.0
LOS RÍOS,LOS RÍOS,-1.4330817510804164,-79.75685270144056,2020.0,3.0,0.0,0.0,0.0,3.0
LOS RÍOS,LOS RÍOS,-1.5521868878041118,-79.53624885040549,2020.0,12.0,0.0,1.0,0.0,13.0
LOS RÍOS,LOS RÍOS,-1.031261768890284,-79.47206932518705,2020.0,31.0,2.0,4.0,1.0,38.0
LOS RÍOS,LOS RÍOS,-1.2077342044576989,-79.31660617261026,2020.0,2.0,0.0,0.0,0.0,2.0
LOS RÍOS,LOS RÍOS,-1.5695770653534244,-79.42619052047122,2020.0,0.0,1.0,0.0,2.0,3.0
LOS RÍOS,LOS RÍOS,-0.9552813867734002,-79.35584551569788,2020.0,1.0,0.0,0.0,0.0,1.0
LOS RÍOS,LOS RÍOS,-1.4463751919845131,-79.46339778931268,2020.0,8.0,0.0,2.0,1.0,11.0
LOS RÍOS,LOS RÍOS,-1.5888636860147545,-79.80907194801966,2020.0,2.0,3.0,1.0,0.0,6.0
MANABÍ,MANABÍ,-1.4010657683199916,-80.43479045775997,2020.0,0.0,0.0,0.0,0.0,0.0
MANABÍ,MANABÍ,-0.9644055378590488,-80.01069848381205,2020.0,5.0,1.0,1.0,0.0,7.0
MANABÍ,MANABÍ,-0.705638584445142,-80.10345967926018,2020.0,16.0,0.0,1.0,0.0,17.0
MANABÍ,MANABÍ,-0.2758115314602626,-79.47059707528034,2020.0,8.0,0.0,0.0,0.0,8.0
MANABÍ,MANABÍ,-0.4062923348872495,-79.90841434651634,2020.0,2.0,0.0,0.0,0.0,2.0
MANABÍ,MANABÍ,-0.2031103380055459,-80.26493585067406,2020.0,0.0,0.0,1.0,0.0,1.0
MANABÍ,MANABÍ,-0.9735241338722332,-80.66182644516299,2020.0,0.0,1.0,0.0,0.0,1.0
MANABÍ,MANABÍ,-1.3569435566891646,-80.58855940891888,2020.0,4.0,0.0,0.0,0.0,4.0
MANABÍ,MANABÍ,-0.9288371009260712,-80.20849106790142,2020.0,0.0,0.0,0.0,0.0,0.0
MANABÍ,MANABÍ,-0.9764028045989638,-80.72057610613196,2020.0,27.0,2.0,0.0,1.0,30.0
MANABÍ,MANABÍ,-1.047412823716842,-80.66173603162245,2020.0,6.0,2.0,1.0,0.0,9.0
MANABÍ,MANABÍ,-1.3828430992727458,-80.23315056569699,2020.0,0.0,0.0,0.0,0.0,0.0
MANABÍ,MANABÍ,-1.5554185850625226,-80.42820324675003,2020.0,3.0,0.0,0.0,0.0,3.0
MANABÍ,MANABÍ,0.0668604130225501,-80.05743051596993,2020.0,13.0,0.0,1.0,0.0,14.0
MANABÍ,MANABÍ,-1.0454246625438184,-79.82833111672508,2020.0,2.0,0.0,0.0,0.0,2.0
MANABÍ,MANABÍ,-1.0894573589075498,-80.4982641785434,2020.0,10.0,1.0,1.0,0.0,12.0
MANABÍ,MANABÍ,-1.5648698687542508,-80.81716149167234,2020.0,0.0,0.0,0.0,0.0,0.0
MANABÍ,MANABÍ,-0.924767302296866,-80.45230746972915,2020.0,0.0,0.0,0.0,0.0,0.0
MANABÍ,MANABÍ,-0.6069141704598965,-80.4049647606132,2020.0,4.0,0.0,0.0,0.0,4.0
MANABÍ,MANABÍ,-1.2090405058284934,-80.37518087443799,2020.0,3.0,0.0,0.0,0.0,3.0
MANABÍ,MANABÍ,-1.2804579455135248,-80.42722279401802,2020.0,1.0,0.0,0.0,0.0,1.0
MANABÍ,MANABÍ,-0.7885957695704494,-80.2401634927606,2020.0,0.0,1.0,0.0,0.0,1.0
MORONA SANTIAGO,MORONA SANTIAGO,-3.405864029561032,-78.58488157274805,2020.0,0.0,0.0,1.0,0.0,1.0
MORONA SANTIAGO,MORONA SANTIAGO,-1.946955214293936,-77.99102511905858,2020.0,0.0,0.0,1.0,0.0,1.0
MORONA SANTIAGO,MORONA SANTIAGO,-3.1081302633861774,-78.3853110845149,2020.0,0.0,0.0,0.0,0.0,0.0
MORONA SANTIAGO,MORONA SANTIAGO,-2.6211280951812896,-78.22509019357506,2020.0,0.0,0.0,0.0,0.0,0.0
MORONA SANTIAGO,MORONA SANTIAGO,-2.246679826856066,-78.29529620247476,2020.0,2.0,1.0,1.0,0.0,4.0
MORONA SANTIAGO,MORONA SANTIAGO,-1.866654360205096,-78.29426121360679,2020.0,0.0,0.0,0.0,0.0,0.0
MORONA SANTIAGO,MORONA SANTIAGO,-1.705180943875896,-77.97193965850119,2020.0,1.0,0.0,0.0,0.0,1.0
MORONA SANTIAGO,MORONA SANTIAGO,-3.105353480688536,-78.52334464091804,2020.0,0.0,0.0,0.0,0.0,0.0
MORONA SANTIAGO,MORONA SANTIAGO,-2.584860067357296,-78.4876917564764,2020.0,0.0,0.0,0.0,0.0,0.0
MORONA SANTIAGO,MORONA SANTIAGO,-2.460999853413907,-78.17367237121854,2020.0,3.0,0.0,1.0,0.0,4.0
MORONA SANTIAGO,MORONA SANTIAGO,-2.3423828638204363,-77.4622344850939,2020.0,0.0,0.0,0.0,0.0,0.0
MORONA SANTIAGO,MORONA SANTIAGO,-2.9452840978496315,-77.83758519713284,2020.0,0.0,0.0,0.0,0.0,0.0
NAPO,NAPO,-0.9129372283785906,-77.81396940450479,2020.0,1.0,0.0,0.0,0.0,1.0
NAPO,NAPO,-1.165593508653796,-77.85603797820507,2020.0,0.0,0.0,0.0,0.0,0.0
NAPO,NAPO,-0.3387261256683931,-77.81102453422453,2020.0,0.0,0.0,0.0,0.0,0.0
NAPO,NAPO,-0.5122838306440642,-78.02053424085875,2020.0,0.0,0.0,0.0,0.0,0.0
NAPO,NAPO,-0.9984845566159158,-77.81651997548789,2020.0,1.0,0.0,1.0,0.0,2.0
ORELLANA,ORELLANA,-1.1667173457594306,-76.08652266101255,2020.0,0.0,0.0,0.0,0.0,0.0
ORELLANA,ORELLANA,-0.3057379150107256,-76.86294005334763,2020.0,3.0,1.0,0.0,0.0,4.0
PASTAZA,PASTAZA,-1.2435291756710094,-77.684267234228,2020.0,0.0,0.0,0.0,0.0,0.0
PASTAZA,PASTAZA,-1.6281689439596088,-78.18969562527947,2020.0,1.0,0.0,0.0,0.0,1.0
PASTAZA,PASTAZA,-1.267389677554544,-77.88820410340607,2020.0,0.0,0.0,0.0,0.0,0.0
PICHINCHA,PICHINCHA,0.0381597233035107,-78.15171423559532,2020.0,0.0,0.0,3.0,0.0,3.0
PICHINCHA,PICHINCHA,-0.5133856044629309,-78.6581688392839,2020.0,1.0,0.0,1.0,0.0,2.0
PICHINCHA,PICHINCHA,0.0373231000680165,-78.29373043324264,2020.0,3.0,1.0,0.0,0.0,4.0
PICHINCHA,PICHINCHA,0.080250656511275,-79.05042695798497,2020.0,0.0,0.0,0.0,0.0,0.0
PICHINCHA,PICHINCHA,0.1144793157641396,-79.26958391231449,2020.0,1.0,0.0,0.0,0.0,1.0
PICHINCHA,PICHINCHA,-0.2582551339978025,-78.56077684533041,2020.0,26.0,8.0,110.0,0.0,144.0
PICHINCHA,PICHINCHA,-0.127590121058965,-78.4861114280786,2020.0,0.0,2.0,2.0,0.0,4.0
PICHINCHA,PICHINCHA,-1.708393,-79.04258,2020.0,0.0,1.0,0.0,0.0,1.0
SANTA ELENA,SANTA ELENA,-2.2158994406791184,-80.98090925423882,2020.0,5.0,0.0,1.0,3.0,6.0
SANTA ELENA,SANTA ELENA,-2.2312621689687644,-80.86521392529168,2020.0,4.0,0.0,1.0,0.0,5.0
SANTO DOMINGO DE LOS TSÁCHILAS,SANTO DOMINGO DE LOS TSÁCHILAS,0.0030521219327159,-79.40430403742303,2020.0,2.0,0.0,4.0,0.0,6.0
SANTO DOMINGO DE LOS TSÁCHILAS,SANTO DOMINGO DE LOS TSÁCHILAS,-0.2713427546277402,-79.19966583950365,2020.0,12.0,2.0,16.0,4.0,30.0
SUCUMBÍOS,SUCUMBÍOS,0.1473446015748443,-77.28718583123354,2020.0,0.0,0.0,1.0,0.0,1.0
SUCUMBÍOS,SUCUMBÍOS,-0.4330979370899388,-75.71414818278659,2020.0,3.0,0.0,0.0,0.0,3.0
SUCUMBÍOS,SUCUMBÍOS,0.01593963878512,-77.37838471495319,2020.0,0.0,0.0,0.0,0.0,0.0
SUCUMBÍOS,SUCUMBÍOS,0.0026780373515408,-76.82699325019794,2020.0,14.0,0.0,2.0,0.0,16.0
SUCUMBÍOS,SUCUMBÍOS,0.0025085496886935,-76.27171503374841,2020.0,2.0,0.0,1.0,0.0,3.0
SUCUMBÍOS,SUCUMBÍOS,-0.1926656533929786,-76.64798920452397,2020.0,6.0,2.0,0.0,0.0,8.0
SUCUMBÍOS,SUCUMBÍOS,-0.051088978961963,-77.07643847194927,2020.0,0.0,0.0,2.0,0.0,2.0
TUNGURAHUA,TUNGURAHUA,-1.2630894492230418,-78.63451526563072,2020.0,7.0,2.0,6.0,0.0,15.0
TUNGURAHUA,TUNGURAHUA,-1.3973927399623294,-78.4275028532831,2020.0,0.0,0.0,0.0,0.0,0.0
TUNGURAHUA,TUNGURAHUA,-1.355812239172291,-78.61721455222973,2020.0,0.0,0.0,0.0,0.0,0.0
TUNGURAHUA,TUNGURAHUA,-1.418029620771203,-78.67015962769493,2020.0,0.0,0.0,0.0,0.0,0.0
TUNGURAHUA,TUNGURAHUA,-1.3139310569926228,-78.50790537599015,2020.0,0.0,0.0,0.0,0.0,0.0
TUNGURAHUA,TUNGURAHUA,-1.382892452299482,-78.61015926973265,2020.0,0.0,0.0,0.0,0.0,0.0
TUNGURAHUA,TUNGURAHUA,-1.3274599,-78.52739509999999,2020.0,1.0,0.0,0.0,0.0,1.0
TUNGURAHUA,TUNGURAHUA,-1.1766072263904148,-78.54653150185389,2020.0,1.0,0.0,1.0,0.0,2.0
TUNGURAHUA,TUNGURAHUA,-1.3484243702715426,-78.67038662702872,2020.0,0.0,0.0,0.0,0.0,0.0
ZAMORA CHINCHIPE,ZAMORA CHINCHIPE,-3.9492184675927375,-78.79356945679031,2020.0,0.0,0.0,0.0,0.0,0.0
ZAMORA CHINCHIPE,ZAMORA CHINCHIPE,-4.882249859739444,-79.20135657965258,2020.0,0.0,0.0,0.0,0.0,0.0
ZAMORA CHINCHIPE,ZAMORA CHINCHIPE,-3.629560710029823,-78.58886768003977,2020.0,0.0,0.0,0.0,0.0,0.0
ZAMORA CHINCHIPE,ZAMORA CHINCHIPE,-4.464006326468896,-78.84069750195852,2020.0,0.0,0.0,0.0,0.0,0.0
ZAMORA CHINCHIPE,ZAMORA CHINCHIPE,-4.65329794104013,-79.13231665472016,2020.0,0.0,0.0,0.0,0.0,0.0
ZAMORA CHINCHIPE,ZAMORA CHINCHIPE,-3.93280616913619,-78.6767847255149,2020.0,0.0,0.0,0.0,0.0,0.0
ZAMORA CHINCHIPE,ZAMORA CHINCHIPE,-3.831277004206561,-78.76469970560873,2020.0,0.0,0.0,0.0,0.0,0.0
ZAMORA CHINCHIPE,ZAMORA CHINCHIPE,-4.069094467843876,-78.95728545712517,2020.0,0.0,0.0,1.0,0.0,1.0
ZONAS NO DELIMITADAS,ZONAS NO DELIMITADAS,-2.344428,-79.3050839,2020.0,9.0,0.0,1.0,0.0,10.0
ZONAS NO DELIMITADAS,ZONAS NO DELIMITADAS,-0.6824832447025585,-79.62948625960341,2020.0,4.0,0.0,0.0,0.0,4.0
AZUAY,AZUAY,-3.0657291368388013,-79.75000991578507,2019.0,2.0,0.0,1.0,0.0,3.0
AZUAY,AZUAY,-2.9302765384659657,-78.78170201795461,2019.0,0.0,0.0,0.0,0.0,0.0
AZUAY,AZUAY,-2.9010525,-79.0198115,2019.0,10.0,1.0,5.0,0.0,16.0
AZUAY,AZUAY,-2.7872513508292784,-78.66544193443904,2019.0,0.0,0.0,0.0,0.0,0.0
AZUAY,AZUAY,-3.1622550614293936,-79.15087818190585,2019.0,0.0,0.0,0.0,0.0,0.0
AZUAY,AZUAY,-2.7706364659080207,-78.71648215454404,2019.0,0.0,0.0,0.0,0.0,0.0
AZUAY,AZUAY,-2.890754807157432,-78.78178230954325,2019.0,0.0,0.0,1.0,0.0,1.0
AZUAY,AZUAY,-2.8943068,-78.9968344,2019.0,0.0,0.0,1.0,0.0,1.0
AZUAY,AZUAY,-3.470088639386804,-79.15489798584908,2019.0,0.0,0.0,0.0,0.0,0.0
AZUAY,AZUAY,-2.8012084567100923,-78.77313267561347,2019.0,0.0,0.0,0.0,0.0,0.0
AZUAY,AZUAY,-3.2198665257207133,-79.47277760096095,2019.0,0.0,0.0,0.0,0.0,0.0
AZUAY,AZUAY,-3.149457497070057,-79.25538242942673,2019.0,1.0,0.0,0.0,0.0,1.0
AZUAY,AZUAY,-3.2780038119447497,-79.31728964925965,2019.0,2.0,0.0,0.0,0.0,2.0
AZUAY,AZUAY,-2.7993916398629204,-78.65693261981723,2019.0,0.0,0.0,0.0,0.0,0.0
AZUAY,AZUAY,-3.053253801318474,-78.79869840175796,2019.0,0.0,0.0,0.0,0.0,0.0
BOLÍVAR,BOLÍVAR,-1.6322946020928166,-79.2592588694571,2019.0,1.0,0.0,0.0,0.0,1.0
BOLÍVAR,BOLÍVAR,-1.9447734156647307,-79.0673755208863,2019.0,1.0,0.0,0.0,0.0,1.0
BOLÍVAR,BOLÍVAR,-1.6835489866530633,-79.02636551553742,2019.0,2.0,0.0,0.0,0.0,2.0
BOLÍVAR,BOLÍVAR,-1.4345070056924607,-79.28209600758994,2019.0,0.0,0.0,0.0,3.0,3.0
BOLÍVAR,BOLÍVAR,-1.5933559453094752,-79.00195369374596,2019.0,0.0,0.0,1.0,0.0,1.0
BOLÍVAR,BOLÍVAR,-1.2873997693297756,-79.31635209243969,2019.0,0.0,0.0,0.0,0.0,0.0
BOLÍVAR,BOLÍVAR,-1.7214835246847695,-79.04208563291301,2019.0,1.0,0.0,0.0,0.0,1.0
CAÑAR,CAÑAR,-2.7453174760372523,-78.85464986804966,2019.0,0.0,0.0,0.0,0.0,0.0
CAÑAR,CAÑAR,-2.718158277476063,-78.89506820330142,2019.0,0.0,0.0,0.0,0.0,0.0
CAÑAR,CAÑAR,-2.560066016198399,-78.94030942159786,2019.0,0.0,0.0,1.0,0.0,1.0
CAÑAR,CAÑAR,-2.7742553139957096,-78.9229425853276,2019.0,0.0,0.0,0.0,0.0,0.0
CAÑAR,CAÑAR,-2.512739585549103,-78.93125261406546,2019.0,2.0,0.0,0.0,0.0,2.0
CAÑAR,CAÑAR,-2.4226494349657304,-79.34665371328762,2019.0,2.0,0.0,1.0,0.0,3.0
CAÑAR,CAÑAR,-2.436873127572856,-79.05252217009713,2019.0,0.0,0.0,0.0,0.0,0.0
CARCHI,CARCHI,0.4992661952702349,-77.90655710630634,2019.0,0.0,0.0,0.0,0.0,0.0
CARCHI,CARCHI,0.6645777567362529,-78.02053212435166,2019.0,0.0,1.0,1.0,0.0,2.0
CARCHI,CARCHI,0.5491264058598859,-78.04239999218682,2019.0,0.0,0.0,0.0,0.0,0.0
CARCHI,CARCHI,0.5629594172029508,-77.77545377706274,2019.0,0.0,0.0,0.0,0.0,0.0
CARCHI,CARCHI,0.6294539223094229,-77.7280671702541,2019.0,0.0,0.0,0.0,0.0,0.0
CARCHI,CARCHI,0.8106937646994191,-77.72242574706743,2019.0,1.0,1.0,1.0,0.0,3.0
CHIMBORAZO,CHIMBORAZO,-2.200793076293622,-78.8496726683915,2019.0,1.0,0.0,0.0,0.0,1.0
CHIMBORAZO,CHIMBORAZO,-1.7335435904096688,-78.5999199872129,2019.0,0.0,0.0,0.0,0.0,0.0
CHIMBORAZO,CHIMBORAZO,-2.2909173702924712,-78.92320949372329,2019.0,0.0,0.0,0.0,0.0,0.0
CHIMBORAZO,CHIMBORAZO,-1.7389883629990062,-78.77045395066534,2019.0,0.0,0.0,2.0,0.0,2.0
CHIMBORAZO,CHIMBORAZO,-2.207675034719824,-79.13512797962643,2019.0,0.0,0.0,0.0,0.0,0.0
CHIMBORAZO,CHIMBORAZO,-1.9361674197771157,-78.71136042636947,2019.0,0.0,0.0,0.0,0.0,0.0
CHIMBORAZO,CHIMBORAZO,-1.611862056349082,-78.63719394179877,2019.0,0.0,0.0,1.0,0.0,1.0
CHIMBORAZO,CHIMBORAZO,-2.00044818856799,-78.97052435142399,2019.0,0.0,0.0,0.0,0.0,0.0
CHIMBORAZO,CHIMBORAZO,-1.5690631713545748,-78.53431112847277,2019.0,0.0,0.0,0.0,0.0,0.0
CHIMBORAZO,CHIMBORAZO,-1.73567958520902,-78.7262335802787,2019.0,6.0,0.0,3.0,0.0,9.0
COTOPAXI,COTOPAXI,-0.9433822936273738,-79.23452072483649,2019.0,1.0,1.0,0.0,0.0,2.0
COTOPAXI,COTOPAXI,-0.9361826977397582,-78.61748633031968,2019.0,10.0,4.0,6.0,0.0,20.0
COTOPAXI,COTOPAXI,-1.11234916124104,-79.20151538165472,2019.0,0.0,0.0,1.0,0.0,1.0
COTOPAXI,COTOPAXI,-0.9605218840318108,-78.69951371204242,2019.0,0.0,0.0,0.0,0.0,0.0
COTOPAXI,COTOPAXI,-1.044376629200021,-78.59365313893335,2019.0,3.0,1.0,0.0,0.0,4.0
COTOPAXI,COTOPAXI,-0.8269483188510437,-78.67407272513472,2019.0,0.0,0.0,0.0,0.0,0.0
COTOPAXI,COTOPAXI,-0.7031361518181343,-78.89203530242419,2019.0,1.0,0.0,0.0,0.0,1.0
EL ORO,EL ORO,-3.560478442196411,-80.07129048959521,2019.0,3.0,0.0,2.0,0.0,5.0
EL ORO,EL ORO,-3.4598268020771195,-79.5801124027695,2019.0,2.0,0.0,0.0,0.0,2.0
EL ORO,EL ORO,-3.241238981530895,-79.82429290870787,2019.0,11.0,0.0,1.0,1.0,13.0
EL ORO,EL ORO,-3.480749616423377,-80.22836788856449,2019.0,13.0,2.0,2.0,0.0,17.0
EL ORO,EL ORO,-3.825064443656149,-80.0767763582082,2019.0,0.0,0.0,0.0,0.0,0.0
EL ORO,EL ORO,-3.266889621869932,-79.97126382915992,2019.0,21.0,2.0,8.0,0.0,31.0
EL ORO,EL ORO,-3.7868341152409353,-79.91518435365457,2019.0,0.0,0.0,0.0,0.0,0.0
EL ORO,EL ORO,-3.3356421091246795,-79.81700751216624,2019.0,7.0,0.0,3.0,0.0,10.0
EL ORO,EL ORO,-3.682847471579553,-79.6846694954394,2019.0,0.0,0.0,1.0,0.0,1.0
EL ORO,EL ORO,-3.71792927836551,-79.62169067115401,2019.0,1.0,0.0,0.0,0.0,1.0
EL ORO,EL ORO,-3.446761132715953,-79.96222771028793,2019.0,1.0,1.0,3.0,0.0,5.0
EL ORO,EL ORO,-3.6949578592424,-79.61406377898986,2019.0,2.0,0.0,0.0,0.0,2.0
ESMERALDAS,ESMERALDAS,0.866802362507194,-79.85243168332373,2019.0,5.0,0.0,1.0,0.0,6.0
ESMERALDAS,ESMERALDAS,0.594702660477162,-79.02215491936377,2019.0,3.0,0.0,1.0,0.0,4.0
ESMERALDAS,ESMERALDAS,0.9618310830638832,-79.66466702258148,2019.0,22.0,0.0,2.0,0.0,24.0
ESMERALDAS,ESMERALDAS,0.6094677181970387,-80.02053797573728,2019.0,3.0,0.0,0.0,0.0,3.0
ESMERALDAS,ESMERALDAS,0.323920791843248,-79.478203944209,2019.0,7.0,0.0,4.0,0.0,11.0
ESMERALDAS,ESMERALDAS,1.0575196858787212,-79.40622941882837,2019.0,0.0,0.0,1.0,0.0,1.0
ESMERALDAS,ESMERALDAS,1.2651025980065922,-78.84975920265786,2019.0,15.0,0.0,3.0,0.0,18.0
GALAPAGOS,GALAPAGOS,-0.9692453227122902,-91.32197923028303,2019.0,0.0,0.0,0.0,0.0,0.0
GALAPAGOS,GALAPAGOS,-0.8674715,-89.436391,2019.0,0.0,0.0,0.0,0.0,0.0
GALAPAGOS,GALAPAGOS,-0.674360113514362,-90.3838567846858,2019.0,0.0,0.0,0.0,0.0,0.0
GUAYAS,GUAYAS,-1.8918736471930095,-79.556536362924,2019.0,2.0,0.0,0.0,0.0,2.0
GUAYAS,GUAYAS,-2.9145943315701355,-79.81712327542685,2019.0,2.0,0.0,1.0,0.0,3.0
GUAYAS,GUAYAS,-1.368092668749019,-79.90999479166535,2019.0,4.0,0.0,0.0,0.0,4.0
GUAYAS,GUAYAS,-1.546875745958248,-80.01165912794433,2019.0,2.0,0.0,0.0,0.0,2.0
GUAYAS,GUAYAS,-2.226702778548632,-79.46063937139817,2019.0,1.0,0.0,1.0,0.0,2.0
GUAYAS,GUAYAS,-1.867173230026684,-79.9822263733689,2019.0,7.0,2.0,0.0,1.0,10.0
GUAYAS,GUAYAS,-2.177718465557473,-79.85137998740997,2019.0,24.0,3.0,1.0,0.0,28.0
GUAYAS,GUAYAS,-1.0505059209752523,-79.61101312796698,2019.0,9.0,0.0,0.0,0.0,9.0
GUAYAS,GUAYAS,-2.333055659169151,-79.41150741222553,2019.0,12.0,2.0,0.0,0.0,14.0
GUAYAS,GUAYAS,-2.193399623868571,-79.18889893182477,2019.0,0.0,0.0,0.0,0.0,0.0
GUAYAS,GUAYAS,-2.224112421446136,-79.93654086192818,2019.0,248.0,5.0,16.0,0.0,269.0
GUAYAS,GUAYAS,-1.8833294080939675,-80.1479701441253,2019.0,3.0,0.0,0.0,0.0,3.0
GUAYAS,GUAYAS,-1.8775145176895307,-80.09122825691936,2019.0,1.0,0.0,0.0,0.0,1.0
GUAYAS,GUAYAS,-2.143775823936588,-79.59973316524878,2019.0,21.0,3.0,1.0,0.0,25.0
GUAYAS,GUAYAS,-2.6733493159263326,-79.62796428790178,2019.0,7.0,0.0,1.0,0.0,8.0
GUAYAS,GUAYAS,-2.1778197066133,-79.47486960881774,2019.0,4.0,0.0,0.0,0.0,4.0
GUAYAS,GUAYAS,-1.9169916334850623,-80.01442554464674,2019.0,1.0,0.0,0.0,0.0,1.0
GUAYAS,GUAYAS,-1.630581109668812,-79.98232924622508,2019.0,3.0,0.0,0.0,0.0,3.0
GUAYAS,GUAYAS,-1.8183305889708572,-80.23721945196114,2019.0,3.0,0.0,1.0,0.0,4.0
GUAYAS,GUAYAS,-2.6328390447810386,-80.39541625970806,2019.0,1.0,0.0,0.0,0.0,1.0
GUAYAS,GUAYAS,-1.8577263,-79.7983103,2019.0,3.0,0.0,0.0,0.0,3.0
GUAYAS,GUAYAS,-2.1222948207450423,-79.91946056099337,2019.0,1.0,0.0,0.0,0.0,1.0
GUAYAS,GUAYAS,-2.1005459270810443,-79.69521966944139,2019.0,6.0,0.0,0.0,0.0,6.0
GUAYAS,GUAYAS,-1.7161659554857949,-79.98726860731439,2019.0,3.0,0.0,0.0,0.0,3.0
GUAYAS,GUAYAS,-2.157584968989693,-79.89133902531958,2019.0,1.0,1.0,1.0,0.0,3.0
IMBABURA,IMBABURA,0.3217881769685554,-78.23676956404194,2019.0,1.0,0.0,1.0,0.0,2.0
IMBABURA,IMBABURA,0.3049340418092398,-78.26761727758769,2019.0,1.0,0.0,0.0,0.0,1.0
IMBABURA,IMBABURA,0.3383963097315963,-78.1440322536912,2019.0,8.0,1.0,2.0,0.0,11.0
IMBABURA,IMBABURA,0.2299251589441741,-78.26690098807444,2019.0,1.0,0.0,2.0,0.0,3.0
IMBABURA,IMBABURA,0.3896499811855805,-77.94248352508588,2019.0,1.0,0.0,1.0,0.0,2.0
IMBABURA,IMBABURA,0.4189441852979647,-78.19557061960269,2019.0,6.0,0.0,0.0,0.0,6.0
LOJA,LOJA,-4.3238084690524765,-79.55592562540329,2019.0,1.0,0.0,0.0,0.0,1.0
LOJA,LOJA,-3.990903559891173,-79.3627320798549,2019.0,0.0,0.0,0.0,0.0,0.0
LOJA,LOJA,-4.104818873572961,-79.9607110314306,2019.0,0.0,0.0,0.0,0.0,0.0
LOJA,LOJA,-3.87911266952336,-79.64602585936447,2019.0,0.0,0.0,0.0,0.0,0.0
LOJA,LOJA,-4.232270866122534,-79.43668008816338,2019.0,0.0,0.0,0.0,0.0,0.0
LOJA,LOJA,-4.389139325563752,-79.94870153408499,2019.0,0.0,1.0,0.0,0.0,1.0
LOJA,LOJA,-3.935587932511903,-79.64742931001588,2019.0,1.0,0.0,0.0,0.0,1.0
LOJA,LOJA,-4.080424852812222,-79.83139907041628,2019.0,0.0,0.0,0.0,0.0,0.0
LOJA,LOJA,-4.116898510511171,-80.10868814734823,2019.0,0.0,0.0,0.0,0.0,0.0
LOJA,LOJA,-4.00323886349605,-80.10005131799474,2019.0,0.0,0.0,0.0,0.0,0.0
LOJA,LOJA,-4.297530984398054,-79.4014801791974,2019.0,0.0,0.0,0.0,0.0,0.0
LOJA,LOJA,-3.622839558441898,-79.2395219445892,2019.0,0.0,1.0,1.0,0.0,2.0
LOJA,LOJA,-4.329458162465337,-79.79187524995378,2019.0,0.0,0.0,0.0,0.0,0.0
LOJA,LOJA,-4.38736304542458,-80.24613209389945,2019.0,0.0,0.0,0.0,0.0,0.0
LOS RÍOS,LOS RÍOS,-1.7030449938418872,-79.71931399178918,2019.0,5.0,0.0,0.0,0.0,5.0
LOS RÍOS,LOS RÍOS,-1.807206599874431,-79.5345887331659,2019.0,11.0,1.0,5.0,0.0,17.0
LOS RÍOS,LOS RÍOS,-0.898476553052896,-79.49568853740386,2019.0,9.0,0.0,2.0,0.0,11.0
LOS RÍOS,LOS RÍOS,-1.1863222209072355,-79.50902329454298,2019.0,1.0,0.0,1.0,0.0,2.0
LOS RÍOS,LOS RÍOS,-1.790138724611521,-79.29031079948201,2019.0,1.0,0.0,0.0,0.0,1.0
LOS RÍOS,LOS RÍOS,-1.4330817510804164,-79.75685270144056,2019.0,4.0,0.0,0.0,0.0,4.0
LOS RÍOS,LOS RÍOS,-1.5521868878041118,-79.53624885040549,2019.0,13.0,0.0,1.0,0.0,14.0
LOS RÍOS,LOS RÍOS,-1.031261768890284,-79.47206932518705,2019.0,26.0,0.0,1.0,0.0,27.0
LOS RÍOS,LOS RÍOS,-1.2077342044576989,-79.31660617261026,2019.0,0.0,1.0,1.0,0.0,2.0
LOS RÍOS,LOS RÍOS,-1.5695770653534244,-79.42619052047122,2019.0,3.0,0.0,1.0,0.0,4.0
LOS RÍOS,LOS RÍOS,-0.9552813867734002,-79.35584551569788,2019.0,7.0,0.0,0.0,0.0,7.0
LOS RÍOS,LOS RÍOS,-1.4463751919845131,-79.46339778931268,2019.0,9.0,0.0,0.0,0.0,9.0
LOS RÍOS,LOS RÍOS,-1.5888636860147545,-79.80907194801966,2019.0,7.0,1.0,0.0,0.0,8.0
MANABÍ,MANABÍ,-1.4010657683199916,-80.43479045775997,2019.0,3.0,0.0,1.0,0.0,4.0
MANABÍ,MANABÍ,-0.9644055378590488,-80.01069848381205,2019.0,5.0,0.0,0.0,0.0,5.0
MANABÍ,MANABÍ,-0.705638584445142,-80.10345967926018,2019.0,5.0,1.0,1.0,0.0,7.0
MANABÍ,MANABÍ,-0.2758115314602626,-79.47059707528034,2019.0,17.0,0.0,1.0,0.0,18.0
MANABÍ,MANABÍ,-0.4062923348872495,-79.90841434651634,2019.0,7.0,0.0,1.0,0.0,8.0
MANABÍ,MANABÍ,-0.2031103380055459,-80.26493585067406,2019.0,1.0,0.0,0.0,0.0,1.0
MANABÍ,MANABÍ,-0.9735241338722332,-80.66182644516299,2019.0,4.0,0.0,0.0,0.0,4.0
MANABÍ,MANABÍ,-1.3569435566891646,-80.58855940891888,2019.0,0.0,2.0,0.0,0.0,2.0
MANABÍ,MANABÍ,-0.9288371009260712,-80.20849106790142,2019.0,0.0,0.0,0.0,0.0,0.0
MANABÍ,MANABÍ,-0.9764028045989638,-80.72057610613196,2019.0,12.0,0.0,1.0,0.0,13.0
MANABÍ,MANABÍ,-1.047412823716842,-80.66173603162245,2019.0,7.0,0.0,0.0,0.0,7.0
MANABÍ,MANABÍ,-1.3828430992727458,-80.23315056569699,2019.0,0.0,0.0,0.0,0.0,0.0
MANABÍ,MANABÍ,-1.5554185850625226,-80.42820324675003,2019.0,1.0,0.0,1.0,0.0,2.0
MANABÍ,MANABÍ,0.0668604130225501,-80.05743051596993,2019.0,2.0,1.0,1.0,0.0,4.0
MANABÍ,MANABÍ,-1.0454246625438184,-79.82833111672508,2019.0,3.0,0.0,0.0,0.0,3.0
MANABÍ,MANABÍ,-1.0894573589075498,-80.4982641785434,2019.0,19.0,1.0,3.0,0.0,23.0
MANABÍ,MANABÍ,-1.5648698687542508,-80.81716149167234,2019.0,0.0,0.0,0.0,0.0,0.0
MANABÍ,MANABÍ,-0.924767302296866,-80.45230746972915,2019.0,1.0,0.0,0.0,0.0,1.0
MANABÍ,MANABÍ,-0.6069141704598965,-80.4049647606132,2019.0,3.0,0.0,0.0,0.0,3.0
MANABÍ,MANABÍ,-1.2090405058284934,-80.37518087443799,2019.0,2.0,0.0,0.0,0.0,2.0
MANABÍ,MANABÍ,-1.2804579455135248,-80.42722279401802,2019.0,3.0,0.0,0.0,0.0,3.0
MANABÍ,MANABÍ,-0.7885957695704494,-80.2401634927606,2019.0,3.0,0.0,0.0,0.0,3.0
MORONA SANTIAGO,MORONA SANTIAGO,-3.405864029561032,-78.58488157274805,2019.0,1.0,0.0,0.0,0.0,1.0
MORONA SANTIAGO,MORONA SANTIAGO,-1.946955214293936,-77.99102511905858,2019.0,0.0,0.0,0.0,0.0,0.0
MORONA SANTIAGO,MORONA SANTIAGO,-3.1081302633861774,-78.3853110845149,2019.0,0.0,0.0,0.0,0.0,0.0
MORONA SANTIAGO,MORONA SANTIAGO,-2.6211280951812896,-78.22509019357506,2019.0,0.0,1.0,0.0,0.0,1.0
MORONA SANTIAGO,MORONA SANTIAGO,-2.246679826856066,-78.29529620247476,2019.0,5.0,0.0,0.0,0.0,5.0
MORONA SANTIAGO,MORONA SANTIAGO,-1.866654360205096,-78.29426121360679,2019.0,0.0,0.0,0.0,0.0,0.0
MORONA SANTIAGO,MORONA SANTIAGO,-1.705180943875896,-77.97193965850119,2019.0,0.0,0.0,0.0,0.0,0.0
MORONA SANTIAGO,MORONA SANTIAGO,-3.105353480688536,-78.52334464091804,2019.0,0.0,0.0,0.0,0.0,0.0
MORONA SANTIAGO,MORONA SANTIAGO,-2.584860067357296,-78.4876917564764,2019.0,0.0,0.0,0.0,0.0,0.0
MORONA SANTIAGO,MORONA SANTIAGO,-2.460999853413907,-78.17367237121854,2019.0,1.0,0.0,0.0,0.0,1.0
MORONA SANTIAGO,MORONA SANTIAGO,-2.3423828638204363,-77.4622344850939,2019.0,1.0,1.0,0.0,0.0,2.0
MORONA SANTIAGO,MORONA SANTIAGO,-2.9452840978496315,-77.83758519713284,2019.0,0.0,0.0,0.0,0.0,0.0
NAPO,NAPO,-0.9129372283785906,-77.81396940450479,2019.0,0.0,0.0,0.0,0.0,0.0
NAPO,NAPO,-1.165593508653796,-77.85603797820507,2019.0,0.0,0.0,0.0,0.0,0.0
NAPO,NAPO,-0.3387261256683931,-77.81102453422453,2019.0,0.0,0.0,0.0,0.0,0.0
NAPO,NAPO,-0.5122838306440642,-78.02053424085875,2019.0,0.0,0.0,0.0,0.0,0.0
NAPO,NAPO,-0.9984845566159158,-77.81651997548789,2019.0,0.0,0.0,2.0,0.0,2.0
ORELLANA,ORELLANA,-1.1667173457594306,-76.08652266101255,2019.0,0.0,0.0,0.0,0.0,0.0
ORELLANA,ORELLANA,-0.3057379150107256,-76.86294005334763,2019.0,4.0,0.0,0.0,0.0,4.0
PASTAZA,PASTAZA,-1.2435291756710094,-77.684267234228,2019.0,1.0,0.0,0.0,0.0,1.0
PASTAZA,PASTAZA,-1.6281689439596088,-78.18969562527947,2019.0,4.0,1.0,2.0,0.0,7.0
PASTAZA,PASTAZA,-1.267389677554544,-77.88820410340607,2019.0,0.0,0.0,0.0,0.0,0.0
PICHINCHA,PICHINCHA,0.0381597233035107,-78.15171423559532,2019.0,3.0,0.0,1.0,0.0,4.0
PICHINCHA,PICHINCHA,-0.5133856044629309,-78.6581688392839,2019.0,1.0,0.0,2.0,0.0,3.0
PICHINCHA,PICHINCHA,0.0373231000680165,-78.29373043324264,2019.0,1.0,1.0,1.0,0.0,3.0
PICHINCHA,PICHINCHA,0.080250656511275,-79.05042695798497,2019.0,3.0,0.0,0.0,0.0,3.0
PICHINCHA,PICHINCHA,0.1144793157641396,-79.26958391231449,2019.0,3.0,0.0,0.0,0.0,3.0
PICHINCHA,PICHINCHA,-0.2582551339978025,-78.56077684533041,2019.0,42.0,8.0,85.0,0.0,135.0
PICHINCHA,PICHINCHA,-0.127590121058965,-78.4861114280786,2019.0,2.0,0.0,1.0,0.0,3.0
PICHINCHA,PICHINCHA,-1.708393,-79.04258,2019.0,1.0,2.0,0.0,0.0,3.0
SANTA ELENA,SANTA ELENA,-2.2158994406791184,-80.98090925423882,2019.0,2.0,0.0,0.0,0.0,2.0
SANTA ELENA,SANTA ELENA,-2.2312621689687644,-80.86521392529168,2019.0,4.0,1.0,0.0,0.0,5.0
SANTO DOMINGO DE LOS TSÁCHILAS,SANTO DOMINGO DE LOS TSÁCHILAS,0.0030521219327159,-79.40430403742303,2019.0,1.0,0.0,2.0,0.0,3.0
SANTO DOMINGO DE LOS TSÁCHILAS,SANTO DOMINGO DE LOS TSÁCHILAS,-0.2713427546277402,-79.19966583950365,2019.0,14.0,1.0,8.0,1.0,24.0
SUCUMBÍOS,SUCUMBÍOS,0.1473446015748443,-77.28718583123354,2019.0,0.0,0.0,1.0,0.0,1.0
SUCUMBÍOS,SUCUMBÍOS,-0.4330979370899388,-75.71414818278659,2019.0,0.0,1.0,0.0,0.0,1.0
SUCUMBÍOS,SUCUMBÍOS,0.01593963878512,-77.37838471495319,2019.0,0.0,0.0,0.0,0.0,0.0
SUCUMBÍOS,SUCUMBÍOS,0.0026780373515408,-76.82699325019794,2019.0,19.0,1.0,2.0,0.0,22.0
SUCUMBÍOS,SUCUMBÍOS,0.0025085496886935,-76.27171503374841,2019.0,3.0,0.0,0.0,0.0,3.0
SUCUMBÍOS,SUCUMBÍOS,-0.1926656533929786,-76.64798920452397,2019.0,1.0,1.0,1.0,0.0,3.0
SUCUMBÍOS,SUCUMBÍOS,-0.051088978961963,-77.07643847194927,2019.0,0.0,0.0,0.0,0.0,0.0
TUNGURAHUA,TUNGURAHUA,-1.2630894492230418,-78.63451526563072,2019.0,10.0,1.0,3.0,0.0,14.0
TUNGURAHUA,TUNGURAHUA,-1.3973927399623294,-78.4275028532831,2019.0,1.0,0.0,0.0,0.0,1.0
TUNGURAHUA,TUNGURAHUA,-1.355812239172291,-78.61721455222973,2019.0,0.0,0.0,0.0,0.0,0.0
TUNGURAHUA,TUNGURAHUA,-1.418029620771203,-78.67015962769493,2019.0,0.0,0.0,0.0,0.0,0.0
TUNGURAHUA,TUNGURAHUA,-1.3139310569926228,-78.50790537599015,2019.0,0.0,0.0,0.0,0.0,0.0
TUNGURAHUA,TUNGURAHUA,-1.382892452299482,-78.61015926973265,2019.0,0.0,0.0,0.0,0.0,0.0
TUNGURAHUA,TUNGURAHUA,-1.3274599,-78.52739509999999,2019.0,2.0,0.0,0.0,0.0,2.0
TUNGURAHUA,TUNGURAHUA,-1.1766072263904148,-78.54653150185389,2019.0,0.0,0.0,0.0,0.0,0.0
TUNGURAHUA,TUNGURAHUA,-1.3484243702715426,-78.67038662702872,2019.0,0.0,0.0,0.0,0.0,0.0
ZAMORA CHINCHIPE,ZAMORA CHINCHIPE,-3.9492184675927375,-78.79356945679031,2019.0,0.0,0.0,0.0,0.0,0.0
ZAMORA CHINCHIPE,ZAMORA CHINCHIPE,-4.882249859739444,-79.20135657965258,2019.0,0.0,0.0,0.0,0.0,0.0
ZAMORA CHINCHIPE,ZAMORA CHINCHIPE,-3.629560710029823,-78.58886768003977,2019.0,0.0,0.0,0.0,0.0,0.0
ZAMORA CHINCHIPE,ZAMORA CHINCHIPE,-4.464006326468896,-78.84069750195852,2019.0,0.0,0.0,0.0,0.0,0.0
ZAMORA CHINCHIPE,ZAMORA CHINCHIPE,-4.65329794104013,-79.13231665472016,2019.0,0.0,0.0,0.0,0.0,0.0
ZAMORA CHINCHIPE,ZAMORA CHINCHIPE,-3.93280616913619,-78.6767847255149,2019.0,0.0,0.0,1.0,0.0,1.0
ZAMORA CHINCHIPE,ZAMORA CHINCHIPE,-3.831277004206561,-78.76469970560873,2019.0,0.0,0.0,1.0,0.0,1.0
ZAMORA CHINCHIPE,ZAMORA CHINCHIPE,-4.069094467843876,-78.95728545712517,2019.0,0.0,0.0,0.0,0.0,0.0
ZONAS NO DELIMITADAS,ZONAS NO DELIMITADAS,-2.344428,-79.3050839,2019.0,7.0,0.0,1.0,0.0,8.0
ZONAS NO DELIMITADAS,ZONAS NO DELIMITADAS,-0.6824832447025585,-79.62948625960341,2019.0,1.0,0.0,0.0,0.0,1.0
